Time,0,0.1,0.2,0.3,0.4,0.5,0.6,0.7,0.8,0.9,1,1.1,1.2,1.3,1.4,1.5,1.6,1.7,1.8,1.9,2,,,,,,,,,,,,,,,,,,,,,,,,,,,,,,,,,,,,,,,,,,,,,,,,,,,,,,,,,,,,,,,,,,,,,,,,,,,,,,,,,,,,,,,,,,,,,,,,,,,,,,,,,,,,,,,,,,,,,,,,,,,,,,,,,,,,,,,,,,,,,,,,,,,,,,,,,,,,,,,,,,,,,,,,,,,,,,,,,,,,,,,,,,,,,,,,,,,,,,,,,,,,,,,,,,,,,,,,,,,,,,,,,,,,,,,,,,,,,,,,,,,,,,,,,,,,,,,,,,,,,,,,,,,,,,,,,,,,,,,,,,,,,,,,,,,,,,,,,,,,,,,,,,,,,,,,,,,,,,,,,,,,,,,,,,,,,,,,,,,,,,,,,,,,,,,,,,,,,,,,,,,,,,,,,,,,,,,,,,,,,,,,,,,,,,,,,,,,,,,,,,,,,,,,,,,,,,,,,,,,,,,,,,,,,,,,,,,,,,,,,,,,,,,,,,,,,,,,,,,,,,,,,,,,,,,,,,,,,,,,,,,,,,,,,,,,,,,,,,,,,,,,,,,,,,,,,,,,,,,,,,,,,,,,,,,,,,,,,,,,,,,,,,,,,,,,,,,,,,,,,,,,,,,,,,,,,,,,,,,,,,,,,,,,,,,,,,,,,,,,,,,,,,,,,,,,,,,,,,,,,,,,,,,,,,,,,,,,,,,,,,,,,,,,,,,,,,,,,,,,,,,,,,,,,,,,,,,,,,,,,,,,,,,,,,,,,,,,,,,,,,,,,,,,,,,,,,,,,,,,,,,,,,,,,,,,,,,,,,,,,,,,,,,,,,,,,,,,,,,,,,,,,,,,,,,,,,,,,,,,,,,,,,,,,,,,,,,,,,,,,,,,,,,,,,,,,,,,,,,,,,,,,,,,,,,,,,,,,,,,,,,,,,,,,,,,,,,,,,,,,,,,,,,,,,,,,,,,,,,,,,,,,,,,,,,,,,,,,,,,,,,,,,,,,,,,,,,,,,,,,,,,,,,,,,,,,,,,,,,,,,,,,,,,,,,,,,,,,,,,,,,,,,,,,,,,,,,,,,,
x_t1,-0.000615548,-3.89999999999852e-07,0.132265,,,,,,,,,,,,,,,,,,,,,,,,,,,,,,,,,,,,,,,,,,,,,,,,,,,,,,,,,,,,,,,,,,,,,,,,,,,,,,,,,,,,,,,,,,,,,,,,,,,,,,,,,,,,,,,,,,,,,,,,,,,,,,,,,,,,,,,,,,,,,,,,,,,,,,,,,,,,,,,,,,,,,,,,,,,,,,,,,,,,,,,,,,,,,,,,,,,,,,,,,,,,,,,,,,,,,,,,,,,,,,,,,,,,,,,,,,,,,,,,,,,,,,,,,,,,,,,,,,,,,,,,,,,,,,,,,,,,,,,,,,,,,,,,,,,,,,,,,,,,,,,,,,,,,,,,,,,,,,,,,,,,,,,,,,,,,,,,,,,,,,,,,,,,,,,,,,,,,,,,,,,,,,,,,,,,,,,,,,,,,,,,,,,,,,,,,,,,,,,,,,,,,,,,,,,,,,,,,,,,,,,,,,,,,,,,,,,,,,,,,,,,,,,,,,,,,,,,,,,,,,,,,,,,,,,,,,,,,,,,,,,,,,,,,,,,,,,,,,,,,,,,,,,,,,,,,,,,,,,,,,,,,,,,,,,,,,,,,,,,,,,,,,,,,,,,,,,,,,,,,,,,,,,,,,,,,,,,,,,,,,,,,,,,,,,,,,,,,,,,,,,,,,,,,,,,,,,,,,,,,,,,,,,,,,,,,,,,,,,,,,,,,,,,,,,,,,,,,,,,,,,,,,,,,,,,,,,,,,,,,,,,,,,,,,,,,,,,,,,,,,,,,,,,,,,,,,,,,,,,,,,,,,,,,,,,,,,,,,,,,,,,,,,,,,,,,,,,,,,,,,,,,,,,,,,,,,,,,,,,,,,,,,,,,,,,,,,,,,,,,,,,,,,,,,,,,,,,,,,,,,,,,,,,,,,,,,,,,,,,,,,,,,,,,,,,,,,,,,,,,,,,,,,,,,,,,,,,,,,,,,,,,,,,,,,,,,,,,,,,,,,,,,,,,,,,,,,,,,,,,,,,,,,,,,,,,,,,,,,,,,,,,,,,,,,,,,,,,,,,,,,,,,,,,,,,,,,,,,,,,,,,,,,,,,,,,,,,,
y_t1,0.154481,0.254234,0.253908,,,,,,,,,,,,,,,,,,,,,,,,,,,,,,,,,,,,,,,,,,,,,,,,,,,,,,,,,,,,,,,,,,,,,,,,,,,,,,,,,,,,,,,,,,,,,,,,,,,,,,,,,,,,,,,,,,,,,,,,,,,,,,,,,,,,,,,,,,,,,,,,,,,,,,,,,,,,,,,,,,,,,,,,,,,,,,,,,,,,,,,,,,,,,,,,,,,,,,,,,,,,,,,,,,,,,,,,,,,,,,,,,,,,,,,,,,,,,,,,,,,,,,,,,,,,,,,,,,,,,,,,,,,,,,,,,,,,,,,,,,,,,,,,,,,,,,,,,,,,,,,,,,,,,,,,,,,,,,,,,,,,,,,,,,,,,,,,,,,,,,,,,,,,,,,,,,,,,,,,,,,,,,,,,,,,,,,,,,,,,,,,,,,,,,,,,,,,,,,,,,,,,,,,,,,,,,,,,,,,,,,,,,,,,,,,,,,,,,,,,,,,,,,,,,,,,,,,,,,,,,,,,,,,,,,,,,,,,,,,,,,,,,,,,,,,,,,,,,,,,,,,,,,,,,,,,,,,,,,,,,,,,,,,,,,,,,,,,,,,,,,,,,,,,,,,,,,,,,,,,,,,,,,,,,,,,,,,,,,,,,,,,,,,,,,,,,,,,,,,,,,,,,,,,,,,,,,,,,,,,,,,,,,,,,,,,,,,,,,,,,,,,,,,,,,,,,,,,,,,,,,,,,,,,,,,,,,,,,,,,,,,,,,,,,,,,,,,,,,,,,,,,,,,,,,,,,,,,,,,,,,,,,,,,,,,,,,,,,,,,,,,,,,,,,,,,,,,,,,,,,,,,,,,,,,,,,,,,,,,,,,,,,,,,,,,,,,,,,,,,,,,,,,,,,,,,,,,,,,,,,,,,,,,,,,,,,,,,,,,,,,,,,,,,,,,,,,,,,,,,,,,,,,,,,,,,,,,,,,,,,,,,,,,,,,,,,,,,,,,,,,,,,,,,,,,,,,,,,,,,,,,,,,,,,,,,,,,,,,,,,,,,,,,,,,,,,,,,,,,,,,,,,,,,,,,,,,,,,,,,,,,,,,,,,,,,,,,,
x_t2,-0.0135174,-0.01131066,-0.00984012,-0.00874267,-0.00728395,-0.00507996,-0.00398342,-0.00325361,-0.002157981,-0.000689257,3.87300000000001e-05,-0.001086013,8.70000000000016e-06,0.00036451,0.00146014,0.00218631,0.00254303,0.00437757,0.00547501,0.00620119,0.00729772,0.00765717,0.00800934,0.00762987,0.0072504,0.00649966,0.0131571,0.0187044,0.0249897,0.0320176,0.0438484,0.0482846,0.0523531,0.0560513,0.0608588,0.0678794,0.0782269,0.0889402,0.0978053,0.108521,0.111847,0.115175,0.118501,0.122199,0.125527,0.127747,,,,,,,,,,,,,,,,,,,,,,,,,,,,,,,,,,,,,,,,,,,,,,,,,,,,,,,,,,,,,,,,,,,,,,,,,,,,,,,,,,,,,,,,,,,,,,,,,,,,,,,,,,,,,,,,,,,,,,,,,,,,,,,,,,,,,,,,,,,,,,,,,,,,,,,,,,,,,,,,,,,,,,,,,,,,,,,,,,,,,,,,,,,,,,,,,,,,,,,,,,,,,,,,,,,,,,,,,,,,,,,,,,,,,,,,,,,,,,,,,,,,,,,,,,,,,,,,,,,,,,,,,,,,,,,,,,,,,,,,,,,,,,,,,,,,,,,,,,,,,,,,,,,,,,,,,,,,,,,,,,,,,,,,,,,,,,,,,,,,,,,,,,,,,,,,,,,,,,,,,,,,,,,,,,,,,,,,,,,,,,,,,,,,,,,,,,,,,,,,,,,,,,,,,,,,,,,,,,,,,,,,,,,,,,,,,,,,,,,,,,,,,,,,,,,,,,,,,,,,,,,,,,,,,,,,,,,,,,,,,,,,,,,,,,,,,,,,,,,,,,,,,,,,,,,,,,,,,,,,,,,,,,,,,,,,,,,,,,,,,,,,,,,,,,,,,,,,,,,,,,,,,,,,,,,,,,,,,,,,,,,,,,,,,,,,,,,,,,,,,,,,,,,,,,,,,,,,,,,,,,,,,,,,,,,,,,,,,,,,,,,,,,,,,,,,,,,,,,,,,,,,,,,,,,,,,,,,,,,,,,,,,,,,,,,,,,,,,,,,,,,,,,,,,,,,,,,,,,,,,,,,,,,,,,,,,,,,,,,,,,,,,,,,,,,,,,,,,,,,,,,,,,,,,,,,,,,,,,,,,,,,,,,,,,,,,,,,,,,,,,,,,,,,,,,,,,,,,,,,,,,,,,,,,,,,,,,,,,,,,,,,,,,,,,,,,,,,,,,,,,,,,,,,,,,,,,,,,,,,,,,,,,,,,,,,,,,,,,,,,,,,,,,,,,,,,,,,,,,,,,,,,,,,,,,,,,,,,,,,,,,,,,,,,,,,,,
y_t2,0.147064,0.151134,0.154093,0.158529,0.166291,0.171469,0.176275,0.179971,0.185146,0.188844,0.19328,0.199927,0.205472,0.211015,0.21619,0.221364,0.226537,0.231714,0.23615,0.241325,0.24613,0.250195,0.257216,0.261279,0.265342,0.270143,0.267204,0.265001,0.263169,0.259861,0.256565,0.255468,0.25363,0.252162,0.250326,0.249974,0.248891,0.249287,0.250048,0.249335,0.248974,0.247874,0.247512,0.246044,0.244944,0.243841,,,,,,,,,,,,,,,,,,,,,,,,,,,,,,,,,,,,,,,,,,,,,,,,,,,,,,,,,,,,,,,,,,,,,,,,,,,,,,,,,,,,,,,,,,,,,,,,,,,,,,,,,,,,,,,,,,,,,,,,,,,,,,,,,,,,,,,,,,,,,,,,,,,,,,,,,,,,,,,,,,,,,,,,,,,,,,,,,,,,,,,,,,,,,,,,,,,,,,,,,,,,,,,,,,,,,,,,,,,,,,,,,,,,,,,,,,,,,,,,,,,,,,,,,,,,,,,,,,,,,,,,,,,,,,,,,,,,,,,,,,,,,,,,,,,,,,,,,,,,,,,,,,,,,,,,,,,,,,,,,,,,,,,,,,,,,,,,,,,,,,,,,,,,,,,,,,,,,,,,,,,,,,,,,,,,,,,,,,,,,,,,,,,,,,,,,,,,,,,,,,,,,,,,,,,,,,,,,,,,,,,,,,,,,,,,,,,,,,,,,,,,,,,,,,,,,,,,,,,,,,,,,,,,,,,,,,,,,,,,,,,,,,,,,,,,,,,,,,,,,,,,,,,,,,,,,,,,,,,,,,,,,,,,,,,,,,,,,,,,,,,,,,,,,,,,,,,,,,,,,,,,,,,,,,,,,,,,,,,,,,,,,,,,,,,,,,,,,,,,,,,,,,,,,,,,,,,,,,,,,,,,,,,,,,,,,,,,,,,,,,,,,,,,,,,,,,,,,,,,,,,,,,,,,,,,,,,,,,,,,,,,,,,,,,,,,,,,,,,,,,,,,,,,,,,,,,,,,,,,,,,,,,,,,,,,,,,,,,,,,,,,,,,,,,,,,,,,,,,,,,,,,,,,,,,,,,,,,,,,,,,,,,,,,,,,,,,,,,,,,,,,,,,,,,,,,,,,,,,,,,,,,,,,,,,,,,,,,,,,,,,,,,,,,,,,,,,,,,,,,,,,,,,,,,,,,,,,,,,,,,,,,,,,,,,,,,,,,,,,,,,,,,,,,,,,,,,,,,,,,,,,,,,,,,,,,,,,,,,,,,,,,,,,,,,,,,
x_t3,-0.0593935,-0.05866,-0.057195,-0.0557236,-0.0546226,-0.0527854,-0.0513121,-0.0476276,-0.0454182,-0.043207,-0.0406254,-0.0380438,-0.0343529,-0.0317713,-0.0284508,-0.0251285,-0.0210654,-0.0173745,-0.0151614,-0.0118364,-0.00666493,-0.00297039,0.00072506,0.00552979,0.00848542,0.0132938,0.0184707,0.022168,0.0269755,0.0336348,0.0388144,0.0443636,0.0499145,0.053984,0.0602775,0.0676803,0.0739738,0.0784173,0.0836016,0.0884154,0.0928598,0.098785,0.103229,0.108045,0.112121,0.115087,0.118792,0.122128,0.124354,0.126578,0.128432,,,,,,,,,,,,,,,,,,,,,,,,,,,,,,,,,,,,,,,,,,,,,,,,,,,,,,,,,,,,,,,,,,,,,,,,,,,,,,,,,,,,,,,,,,,,,,,,,,,,,,,,,,,,,,,,,,,,,,,,,,,,,,,,,,,,,,,,,,,,,,,,,,,,,,,,,,,,,,,,,,,,,,,,,,,,,,,,,,,,,,,,,,,,,,,,,,,,,,,,,,,,,,,,,,,,,,,,,,,,,,,,,,,,,,,,,,,,,,,,,,,,,,,,,,,,,,,,,,,,,,,,,,,,,,,,,,,,,,,,,,,,,,,,,,,,,,,,,,,,,,,,,,,,,,,,,,,,,,,,,,,,,,,,,,,,,,,,,,,,,,,,,,,,,,,,,,,,,,,,,,,,,,,,,,,,,,,,,,,,,,,,,,,,,,,,,,,,,,,,,,,,,,,,,,,,,,,,,,,,,,,,,,,,,,,,,,,,,,,,,,,,,,,,,,,,,,,,,,,,,,,,,,,,,,,,,,,,,,,,,,,,,,,,,,,,,,,,,,,,,,,,,,,,,,,,,,,,,,,,,,,,,,,,,,,,,,,,,,,,,,,,,,,,,,,,,,,,,,,,,,,,,,,,,,,,,,,,,,,,,,,,,,,,,,,,,,,,,,,,,,,,,,,,,,,,,,,,,,,,,,,,,,,,,,,,,,,,,,,,,,,,,,,,,,,,,,,,,,,,,,,,,,,,,,,,,,,,,,,,,,,,,,,,,,,,,,,,,,,,,,,,,,,,,,,,,,,,,,,,,,,,,,,,,,,,,,,,,,,,,,,,,,,,,,,,,,,,,,,,,,,,,,,,,,,,,,,,,,,,,,,,,,,,,,,,,,,,,,,,,,,,,,,,,,,,,,,,,,,,,,,,,,,,,,,,,,,,,,,,,,,,,,,,,,,,,,,,,,,,,,,,,,,,,,,,,,,,,,,,,,,,,,,,,,,,,,,,,,,,,,,,,,,,,,,,,,,,,,,,,,,,,,,,,,,,,,,,,,,,,,,,,,,,,
y_t3,0.114705,0.11767,0.12434,0.128418,0.132494,0.138425,0.141762,0.149549,0.154739,0.159189,0.16364,0.168091,0.173285,0.177736,0.182929,0.187382,0.191836,0.197031,0.20074,0.204082,0.20965,0.213363,0.216705,0.220791,0.223761,0.226366,0.229712,0.232314,0.235288,0.238268,0.240503,0.243109,0.244975,0.246837,0.247963,0.249833,0.25096,0.251341,0.251725,0.252107,0.252118,0.252503,0.252514,0.252155,0.251425,0.250321,0.249589,0.248486,0.24701,0.246275,0.245539,,,,,,,,,,,,,,,,,,,,,,,,,,,,,,,,,,,,,,,,,,,,,,,,,,,,,,,,,,,,,,,,,,,,,,,,,,,,,,,,,,,,,,,,,,,,,,,,,,,,,,,,,,,,,,,,,,,,,,,,,,,,,,,,,,,,,,,,,,,,,,,,,,,,,,,,,,,,,,,,,,,,,,,,,,,,,,,,,,,,,,,,,,,,,,,,,,,,,,,,,,,,,,,,,,,,,,,,,,,,,,,,,,,,,,,,,,,,,,,,,,,,,,,,,,,,,,,,,,,,,,,,,,,,,,,,,,,,,,,,,,,,,,,,,,,,,,,,,,,,,,,,,,,,,,,,,,,,,,,,,,,,,,,,,,,,,,,,,,,,,,,,,,,,,,,,,,,,,,,,,,,,,,,,,,,,,,,,,,,,,,,,,,,,,,,,,,,,,,,,,,,,,,,,,,,,,,,,,,,,,,,,,,,,,,,,,,,,,,,,,,,,,,,,,,,,,,,,,,,,,,,,,,,,,,,,,,,,,,,,,,,,,,,,,,,,,,,,,,,,,,,,,,,,,,,,,,,,,,,,,,,,,,,,,,,,,,,,,,,,,,,,,,,,,,,,,,,,,,,,,,,,,,,,,,,,,,,,,,,,,,,,,,,,,,,,,,,,,,,,,,,,,,,,,,,,,,,,,,,,,,,,,,,,,,,,,,,,,,,,,,,,,,,,,,,,,,,,,,,,,,,,,,,,,,,,,,,,,,,,,,,,,,,,,,,,,,,,,,,,,,,,,,,,,,,,,,,,,,,,,,,,,,,,,,,,,,,,,,,,,,,,,,,,,,,,,,,,,,,,,,,,,,,,,,,,,,,,,,,,,,,,,,,,,,,,,,,,,,,,,,,,,,,,,,,,,,,,,,,,,,,,,,,,,,,,,,,,,,,,,,,,,,,,,,,,,,,,,,,,,,,,,,,,,,,,,,,,,,,,,,,,,,,,,,,,,,,,,,,,,,,,,,,,,,,,,,,,,,,,,,,,,,,,,,,,,,,,,,,,,,,,,,,,,
x_t4,-0.140142,-0.139023,-0.138275,-0.137157,-0.135669,-0.13455,-0.13306,-0.131202,-0.129345,-0.123417,-0.120826,-0.117494,-0.112682,-0.109349,-0.106018,-0.1012022,-0.0963893,-0.0919467,-0.0867625,-0.082319,-0.0767644,-0.0723209,-0.0671394,-0.0619571,-0.0589941,-0.0538117,-0.0471488,-0.0415951,-0.0367822,-0.0304887,-0.0260461,-0.0201248,-0.0145712,-0.00828039,-0.00235636,0.00467513,0.0098557,0.016515,0.022065,0.0302085,0.0346502,0.040202,0.0461243,0.0524141,0.057592,0.0649874,0.0709042,0.0768228,0.0820024,0.0871785,0.091985,0.0967889,0.10344,0.109351,0.115262,0.119695,0.123759,0.128557,0.13114,0.133355,,,,,,,,,,,,,,,,,,,,,,,,,,,,,,,,,,,,,,,,,,,,,,,,,,,,,,,,,,,,,,,,,,,,,,,,,,,,,,,,,,,,,,,,,,,,,,,,,,,,,,,,,,,,,,,,,,,,,,,,,,,,,,,,,,,,,,,,,,,,,,,,,,,,,,,,,,,,,,,,,,,,,,,,,,,,,,,,,,,,,,,,,,,,,,,,,,,,,,,,,,,,,,,,,,,,,,,,,,,,,,,,,,,,,,,,,,,,,,,,,,,,,,,,,,,,,,,,,,,,,,,,,,,,,,,,,,,,,,,,,,,,,,,,,,,,,,,,,,,,,,,,,,,,,,,,,,,,,,,,,,,,,,,,,,,,,,,,,,,,,,,,,,,,,,,,,,,,,,,,,,,,,,,,,,,,,,,,,,,,,,,,,,,,,,,,,,,,,,,,,,,,,,,,,,,,,,,,,,,,,,,,,,,,,,,,,,,,,,,,,,,,,,,,,,,,,,,,,,,,,,,,,,,,,,,,,,,,,,,,,,,,,,,,,,,,,,,,,,,,,,,,,,,,,,,,,,,,,,,,,,,,,,,,,,,,,,,,,,,,,,,,,,,,,,,,,,,,,,,,,,,,,,,,,,,,,,,,,,,,,,,,,,,,,,,,,,,,,,,,,,,,,,,,,,,,,,,,,,,,,,,,,,,,,,,,,,,,,,,,,,,,,,,,,,,,,,,,,,,,,,,,,,,,,,,,,,,,,,,,,,,,,,,,,,,,,,,,,,,,,,,,,,,,,,,,,,,,,,,,,,,,,,,,,,,,,,,,,,,,,,,,,,,,,,,,,,,,,,,,,,,,,,,,,,,,,,,,,,,,,,,,,,,,,,,,,,,,,,,,,,,,,,,,,,,,,,,,,,,,,,,,,,,,,,,,,,,,,,,,,,,,,,,,,,,,,,,,,,,,,,,,,,,,,,,,,,,,,,,,,,,,,,,,,,,,,,,,,,,,,,,,,,,,,,,,,,,,,,,,,,,,,,,,,,,,,,,,,,,,
y_t4,0.0565492,0.06098,0.0646727,0.068734,0.0727944,0.0772251,0.0820244,0.0864533,0.0901433,0.0971484,0.0989894,0.1019368,0.1056195,0.108567,0.111145,0.116306,0.120358,0.124041,0.128832,0.132885,0.138043,0.142096,0.145778,0.14983,0.152778,0.156829,0.161985,0.166775,0.170827,0.175984,0.179667,0.183717,0.188506,0.192555,0.197712,0.202498,0.20581,0.209489,0.2128,0.219061,0.222375,0.226425,0.230844,0.234523,0.236727,0.239295,0.241497,0.244438,0.247381,0.248846,0.250312,0.25067,0.251023,0.251009,0.250625,0.250614,0.250604,0.248375,0.24726,0.246516,,,,,,,,,,,,,,,,,,,,,,,,,,,,,,,,,,,,,,,,,,,,,,,,,,,,,,,,,,,,,,,,,,,,,,,,,,,,,,,,,,,,,,,,,,,,,,,,,,,,,,,,,,,,,,,,,,,,,,,,,,,,,,,,,,,,,,,,,,,,,,,,,,,,,,,,,,,,,,,,,,,,,,,,,,,,,,,,,,,,,,,,,,,,,,,,,,,,,,,,,,,,,,,,,,,,,,,,,,,,,,,,,,,,,,,,,,,,,,,,,,,,,,,,,,,,,,,,,,,,,,,,,,,,,,,,,,,,,,,,,,,,,,,,,,,,,,,,,,,,,,,,,,,,,,,,,,,,,,,,,,,,,,,,,,,,,,,,,,,,,,,,,,,,,,,,,,,,,,,,,,,,,,,,,,,,,,,,,,,,,,,,,,,,,,,,,,,,,,,,,,,,,,,,,,,,,,,,,,,,,,,,,,,,,,,,,,,,,,,,,,,,,,,,,,,,,,,,,,,,,,,,,,,,,,,,,,,,,,,,,,,,,,,,,,,,,,,,,,,,,,,,,,,,,,,,,,,,,,,,,,,,,,,,,,,,,,,,,,,,,,,,,,,,,,,,,,,,,,,,,,,,,,,,,,,,,,,,,,,,,,,,,,,,,,,,,,,,,,,,,,,,,,,,,,,,,,,,,,,,,,,,,,,,,,,,,,,,,,,,,,,,,,,,,,,,,,,,,,,,,,,,,,,,,,,,,,,,,,,,,,,,,,,,,,,,,,,,,,,,,,,,,,,,,,,,,,,,,,,,,,,,,,,,,,,,,,,,,,,,,,,,,,,,,,,,,,,,,,,,,,,,,,,,,,,,,,,,,,,,,,,,,,,,,,,,,,,,,,,,,,,,,,,,,,,,,,,,,,,,,,,,,,,,,,,,,,,,,,,,,,,,,,,,,,,,,,,,,,,,,,,,,,,,,,,,,,,,,,,,,,,,,,,,,,,,,,,,,,,,,,,,,,,,,,,,,,,,,,,,,,,,,,,,,,,,,,,,,,,,
x_t5,-0.268006,-0.26653,-0.265052,-0.261356,-0.2584,-0.255443,-0.252117,-0.24731,-0.24324,-0.238797,-0.233981,-0.229167,-0.226202,-0.22176,-0.216952,-0.212144,-0.207708,-0.202163,-0.198097,-0.193291,-0.187006,-0.182203,-0.175919,-0.171114,-0.164459,-0.158545,-0.151521,-0.145608,-0.139326,-0.133781,-0.128237,-0.12269,-0.117143,-0.112336,-0.1042,-0.0975441,-0.0927385,-0.0871948,-0.0812818,-0.0753696,-0.0713029,-0.0653861,-0.0591008,-0.0550359,-0.044683,-0.0391375,-0.0347032,-0.0306392,-0.0254641,-0.0188084,-0.00845367,-0.002166553,0.00449093,0.0111466,0.0174291,0.0211273,0.0277821,0.0322192,0.0377646,0.0458999,0.0525574,0.0595852,0.0677205,0.0754873,0.0806651,0.0884346,0.0965772,0.104721,0.113236,0.11805,0.122863,0.127308,0.131011,0.133606,,,,,,,,,,,,,,,,,,,,,,,,,,,,,,,,,,,,,,,,,,,,,,,,,,,,,,,,,,,,,,,,,,,,,,,,,,,,,,,,,,,,,,,,,,,,,,,,,,,,,,,,,,,,,,,,,,,,,,,,,,,,,,,,,,,,,,,,,,,,,,,,,,,,,,,,,,,,,,,,,,,,,,,,,,,,,,,,,,,,,,,,,,,,,,,,,,,,,,,,,,,,,,,,,,,,,,,,,,,,,,,,,,,,,,,,,,,,,,,,,,,,,,,,,,,,,,,,,,,,,,,,,,,,,,,,,,,,,,,,,,,,,,,,,,,,,,,,,,,,,,,,,,,,,,,,,,,,,,,,,,,,,,,,,,,,,,,,,,,,,,,,,,,,,,,,,,,,,,,,,,,,,,,,,,,,,,,,,,,,,,,,,,,,,,,,,,,,,,,,,,,,,,,,,,,,,,,,,,,,,,,,,,,,,,,,,,,,,,,,,,,,,,,,,,,,,,,,,,,,,,,,,,,,,,,,,,,,,,,,,,,,,,,,,,,,,,,,,,,,,,,,,,,,,,,,,,,,,,,,,,,,,,,,,,,,,,,,,,,,,,,,,,,,,,,,,,,,,,,,,,,,,,,,,,,,,,,,,,,,,,,,,,,,,,,,,,,,,,,,,,,,,,,,,,,,,,,,,,,,,,,,,,,,,,,,,,,,,,,,,,,,,,,,,,,,,,,,,,,,,,,,,,,,,,,,,,,,,,,,,,,,,,,,,,,,,,,,,,,,,,,,,,,,,,,,,,,,,,,,,,,,,,,,,,,,,,,,,,,,,,,,,,,,,,,,,,,,,,,,,,,,,,,,,,,,,,,,,,,,,,,,,,,,,,,,,,,,,,,,,,,,,,,,,,,,,,,,,,,,,,,,,,,,,,,,,,,,,,,,,,,,,,,,,,,,,,,,,,,,,,,,,,,,,,,,,,,,,,,,,,,,,,,,,,,,,,,,,,,,,,,,,,,,,,,,,,,,,,,,,,,,,,
y_t5,0.00270824999999997,0.00493411999999999,0.00641925199999999,0.00939133999999997,0.0123616,0.0149615,0.0179327,0.0209075,0.022399,0.0231507,0.0227923,0.0228042,0.0220707,0.0231928,0.0257973,0.0287721,0.0321164,0.0362042,0.0395475,0.0432631,0.0477231,0.0525497,0.0573801,0.061466,0.0662973,0.0711267,0.0763292,0.081529,0.0874704,0.0915582,0.0963867,0.0997337,0.1034511,0.106426,0.111261,0.115722,0.119437,0.124266,0.129466,0.135036,0.138009,0.141727,0.146187,0.149901,0.156963,0.161051,0.165136,0.16922,0.173307,0.177768,0.18409,0.187809,0.191529,0.19599,0.201561,0.203793,0.208624,0.211598,0.215685,0.220891,0.224611,0.228332,0.233537,0.238001,0.240977,0.244329,0.246571,0.248443,0.249576,0.249958,0.25071,0.250721,0.250731,0.249996,,,,,,,,,,,,,,,,,,,,,,,,,,,,,,,,,,,,,,,,,,,,,,,,,,,,,,,,,,,,,,,,,,,,,,,,,,,,,,,,,,,,,,,,,,,,,,,,,,,,,,,,,,,,,,,,,,,,,,,,,,,,,,,,,,,,,,,,,,,,,,,,,,,,,,,,,,,,,,,,,,,,,,,,,,,,,,,,,,,,,,,,,,,,,,,,,,,,,,,,,,,,,,,,,,,,,,,,,,,,,,,,,,,,,,,,,,,,,,,,,,,,,,,,,,,,,,,,,,,,,,,,,,,,,,,,,,,,,,,,,,,,,,,,,,,,,,,,,,,,,,,,,,,,,,,,,,,,,,,,,,,,,,,,,,,,,,,,,,,,,,,,,,,,,,,,,,,,,,,,,,,,,,,,,,,,,,,,,,,,,,,,,,,,,,,,,,,,,,,,,,,,,,,,,,,,,,,,,,,,,,,,,,,,,,,,,,,,,,,,,,,,,,,,,,,,,,,,,,,,,,,,,,,,,,,,,,,,,,,,,,,,,,,,,,,,,,,,,,,,,,,,,,,,,,,,,,,,,,,,,,,,,,,,,,,,,,,,,,,,,,,,,,,,,,,,,,,,,,,,,,,,,,,,,,,,,,,,,,,,,,,,,,,,,,,,,,,,,,,,,,,,,,,,,,,,,,,,,,,,,,,,,,,,,,,,,,,,,,,,,,,,,,,,,,,,,,,,,,,,,,,,,,,,,,,,,,,,,,,,,,,,,,,,,,,,,,,,,,,,,,,,,,,,,,,,,,,,,,,,,,,,,,,,,,,,,,,,,,,,,,,,,,,,,,,,,,,,,,,,,,,,,,,,,,,,,,,,,,,,,,,,,,,,,,,,,,,,,,,,,,,,,,,,,,,,,,,,,,,,,,,,,,,,,,,,,,,,,,,,,,,,,,,,,,,,,,,,,,,,,,,,,,,,,,,,,,,,,,,,,,,,,,,,,,,,,,,,,,,,,,,,,,,,,,,,,,,,,,,,,,,,,,
x_t6,-0.334296,-0.332452,-0.329124,-0.326169,-0.323214,-0.320629,-0.316936,-0.31361,-0.309914,-0.303621,-0.298438,-0.29251,-0.288066,-0.283618,-0.27658,-0.269913,-0.264727,-0.259173,-0.252508,-0.24399,-0.236956,-0.229923,-0.222519,-0.215859,-0.209199,-0.202172,-0.193297,-0.187009,-0.179983,-0.174067,-0.166304,-0.16039,-0.152627,-0.144863,-0.13673,-0.129703,-0.122677,-0.115287,-0.109373,-0.10309,-0.0968089,-0.0886736,-0.0794281,-0.0716622,-0.0650084,-0.0557666,-0.0487424,-0.0424617,-0.0365449,-0.0280384,-0.0206392,-0.0147216,-0.00843538,-0.001779724,0.00302683,0.0096797,0.0163354,0.02373,0.0329736,0.0400024,0.0462858,0.0544239,0.0621879,0.0699565,0.0773547,0.0832733,0.0899326,0.0984428,0.106216,0.11177,0.115842,0.119546,0.122509,0.125472,,,,,,,,,,,,,,,,,,,,,,,,,,,,,,,,,,,,,,,,,,,,,,,,,,,,,,,,,,,,,,,,,,,,,,,,,,,,,,,,,,,,,,,,,,,,,,,,,,,,,,,,,,,,,,,,,,,,,,,,,,,,,,,,,,,,,,,,,,,,,,,,,,,,,,,,,,,,,,,,,,,,,,,,,,,,,,,,,,,,,,,,,,,,,,,,,,,,,,,,,,,,,,,,,,,,,,,,,,,,,,,,,,,,,,,,,,,,,,,,,,,,,,,,,,,,,,,,,,,,,,,,,,,,,,,,,,,,,,,,,,,,,,,,,,,,,,,,,,,,,,,,,,,,,,,,,,,,,,,,,,,,,,,,,,,,,,,,,,,,,,,,,,,,,,,,,,,,,,,,,,,,,,,,,,,,,,,,,,,,,,,,,,,,,,,,,,,,,,,,,,,,,,,,,,,,,,,,,,,,,,,,,,,,,,,,,,,,,,,,,,,,,,,,,,,,,,,,,,,,,,,,,,,,,,,,,,,,,,,,,,,,,,,,,,,,,,,,,,,,,,,,,,,,,,,,,,,,,,,,,,,,,,,,,,,,,,,,,,,,,,,,,,,,,,,,,,,,,,,,,,,,,,,,,,,,,,,,,,,,,,,,,,,,,,,,,,,,,,,,,,,,,,,,,,,,,,,,,,,,,,,,,,,,,,,,,,,,,,,,,,,,,,,,,,,,,,,,,,,,,,,,,,,,,,,,,,,,,,,,,,,,,,,,,,,,,,,,,,,,,,,,,,,,,,,,,,,,,,,,,,,,,,,,,,,,,,,,,,,,,,,,,,,,,,,,,,,,,,,,,,,,,,,,,,,,,,,,,,,,,,,,,,,,,,,,,,,,,,,,,,,,,,,,,,,,,,,,,,,,,,,,,,,,,,,,,,,,,,,,,,,,,,,,,,,,,,,,,,,,,,,,,,,,,,,,,,,,,,,,,,,,,,,,,,,,,,,,,,,,,,,,,,,,,,,,,,,,,,,,,,,,,,
y_t6,0.000322349999999973,0.00328986999999997,0.00552030999999997,0.00886093999999999,0.01220157,0.01517091,0.0192541,0.0225956,0.0255677,0.0270648,0.0278183,0.0270922,0.0271032,0.0256327,0.0252797,0.0249258,0.0249386,0.0253227,0.0260799,0.0264713,0.0275997,0.0290986,0.0305983,0.0332074,0.0358164,0.0399078,0.0454853,0.0488342,0.053296,0.0573846,0.0633297,0.0681592,0.0741043,0.0800493,0.0859954,0.0900868,0.0945486,0.1016039,0.1064333,0.112004,0.117946,0.123151,0.128729,0.133563,0.138765,0.145825,0.151027,0.157339,0.161058,0.165893,0.169245,0.172593,0.176683,0.181143,0.184489,0.190061,0.194521,0.199725,0.206044,0.209395,0.214595,0.21869,0.224264,0.227987,0.231709,0.234687,0.237666,0.24102,0.242892,0.243646,0.244397,0.244406,0.244043,0.24405,,,,,,,,,,,,,,,,,,,,,,,,,,,,,,,,,,,,,,,,,,,,,,,,,,,,,,,,,,,,,,,,,,,,,,,,,,,,,,,,,,,,,,,,,,,,,,,,,,,,,,,,,,,,,,,,,,,,,,,,,,,,,,,,,,,,,,,,,,,,,,,,,,,,,,,,,,,,,,,,,,,,,,,,,,,,,,,,,,,,,,,,,,,,,,,,,,,,,,,,,,,,,,,,,,,,,,,,,,,,,,,,,,,,,,,,,,,,,,,,,,,,,,,,,,,,,,,,,,,,,,,,,,,,,,,,,,,,,,,,,,,,,,,,,,,,,,,,,,,,,,,,,,,,,,,,,,,,,,,,,,,,,,,,,,,,,,,,,,,,,,,,,,,,,,,,,,,,,,,,,,,,,,,,,,,,,,,,,,,,,,,,,,,,,,,,,,,,,,,,,,,,,,,,,,,,,,,,,,,,,,,,,,,,,,,,,,,,,,,,,,,,,,,,,,,,,,,,,,,,,,,,,,,,,,,,,,,,,,,,,,,,,,,,,,,,,,,,,,,,,,,,,,,,,,,,,,,,,,,,,,,,,,,,,,,,,,,,,,,,,,,,,,,,,,,,,,,,,,,,,,,,,,,,,,,,,,,,,,,,,,,,,,,,,,,,,,,,,,,,,,,,,,,,,,,,,,,,,,,,,,,,,,,,,,,,,,,,,,,,,,,,,,,,,,,,,,,,,,,,,,,,,,,,,,,,,,,,,,,,,,,,,,,,,,,,,,,,,,,,,,,,,,,,,,,,,,,,,,,,,,,,,,,,,,,,,,,,,,,,,,,,,,,,,,,,,,,,,,,,,,,,,,,,,,,,,,,,,,,,,,,,,,,,,,,,,,,,,,,,,,,,,,,,,,,,,,,,,,,,,,,,,,,,,,,,,,,,,,,,,,,,,,,,,,,,,,,,,,,,,,,,,,,,,,,,,,,,,,,,,,,,,,,,,,,,,,,,,,,,,,,,,,,,,,,,,,,,,,,,,,,,,,
x_t7,-0.364519,-0.361939,-0.357882,-0.349765,-0.345706,-0.339797,-0.333889,-0.327608,-0.322435,-0.312831,-0.304344,-0.299917,-0.291058,-0.280348,-0.265567,-0.260763,-0.255222,-0.248945,-0.243405,-0.230113,-0.218292,-0.213491,-0.207211,-0.194297,-0.182122,-0.169951,-0.156303,-0.140445,-0.133807,-0.127171,-0.120164,-0.113895,-0.107256,-0.102464,-0.0991465,-0.0965649,-0.0932461,-0.0884505,-0.0825474,-0.0725894,-0.0674252,-0.0618915,-0.0567273,-0.051565,-0.0404986,-0.0360724,-0.0305415,-0.0235346,-0.0161564,-0.00656597,0.0148315,0.0211023,0.0284786,0.0347485,0.0428638,0.0517171,0.0594656,0.0686893,0.0775453,0.085292,0.0930397,0.098577,0.10596,0.11113,0.117038,0.121837,0.12516,0.128115,,,,,,,,,,,,,,,,,,,,,,,,,,,,,,,,,,,,,,,,,,,,,,,,,,,,,,,,,,,,,,,,,,,,,,,,,,,,,,,,,,,,,,,,,,,,,,,,,,,,,,,,,,,,,,,,,,,,,,,,,,,,,,,,,,,,,,,,,,,,,,,,,,,,,,,,,,,,,,,,,,,,,,,,,,,,,,,,,,,,,,,,,,,,,,,,,,,,,,,,,,,,,,,,,,,,,,,,,,,,,,,,,,,,,,,,,,,,,,,,,,,,,,,,,,,,,,,,,,,,,,,,,,,,,,,,,,,,,,,,,,,,,,,,,,,,,,,,,,,,,,,,,,,,,,,,,,,,,,,,,,,,,,,,,,,,,,,,,,,,,,,,,,,,,,,,,,,,,,,,,,,,,,,,,,,,,,,,,,,,,,,,,,,,,,,,,,,,,,,,,,,,,,,,,,,,,,,,,,,,,,,,,,,,,,,,,,,,,,,,,,,,,,,,,,,,,,,,,,,,,,,,,,,,,,,,,,,,,,,,,,,,,,,,,,,,,,,,,,,,,,,,,,,,,,,,,,,,,,,,,,,,,,,,,,,,,,,,,,,,,,,,,,,,,,,,,,,,,,,,,,,,,,,,,,,,,,,,,,,,,,,,,,,,,,,,,,,,,,,,,,,,,,,,,,,,,,,,,,,,,,,,,,,,,,,,,,,,,,,,,,,,,,,,,,,,,,,,,,,,,,,,,,,,,,,,,,,,,,,,,,,,,,,,,,,,,,,,,,,,,,,,,,,,,,,,,,,,,,,,,,,,,,,,,,,,,,,,,,,,,,,,,,,,,,,,,,,,,,,,,,,,,,,,,,,,,,,,,,,,,,,,,,,,,,,,,,,,,,,,,,,,,,,,,,,,,,,,,,,,,,,,,,,,,,,,,,,,,,,,,,,,,,,,,,,,,,,,,,,,,,,,,,,,,,,,,,,,,,,,,,,,,,,,,,,,,,,,,,,,,,,,,,,,,,,,,,,,,,,,,,,,,,,,,,,,
y_t7,0.00358873999999998,0.006181306,0.00914695999999998,0.01360045,0.0158272,0.01658067,0.0180731,0.0177191,0.0177318,0.0184944,0.0225793,0.0251764,0.0285234,0.030397,0.0293251,0.0289675,0.0289811,0.0304744,0.0315964,0.0349543,0.0357223,0.036473,0.036858,0.04354,0.0505897,0.0591172,0.0680178,0.0798796,0.0846989,0.0902571,0.0954468,0.1002652,0.1050845,0.10953,0.112494,0.114347,0.116942,0.119909,0.123249,0.130293,0.133631,0.13697,0.140307,0.144384,0.151431,0.154398,0.158845,0.164035,0.168486,0.174791,0.187405,0.191484,0.196675,0.201124,0.206316,0.21188,0.215963,0.221158,0.225614,0.230436,0.234888,0.236749,0.239353,0.240105,0.241598,0.243087,0.244204,0.244211,,,,,,,,,,,,,,,,,,,,,,,,,,,,,,,,,,,,,,,,,,,,,,,,,,,,,,,,,,,,,,,,,,,,,,,,,,,,,,,,,,,,,,,,,,,,,,,,,,,,,,,,,,,,,,,,,,,,,,,,,,,,,,,,,,,,,,,,,,,,,,,,,,,,,,,,,,,,,,,,,,,,,,,,,,,,,,,,,,,,,,,,,,,,,,,,,,,,,,,,,,,,,,,,,,,,,,,,,,,,,,,,,,,,,,,,,,,,,,,,,,,,,,,,,,,,,,,,,,,,,,,,,,,,,,,,,,,,,,,,,,,,,,,,,,,,,,,,,,,,,,,,,,,,,,,,,,,,,,,,,,,,,,,,,,,,,,,,,,,,,,,,,,,,,,,,,,,,,,,,,,,,,,,,,,,,,,,,,,,,,,,,,,,,,,,,,,,,,,,,,,,,,,,,,,,,,,,,,,,,,,,,,,,,,,,,,,,,,,,,,,,,,,,,,,,,,,,,,,,,,,,,,,,,,,,,,,,,,,,,,,,,,,,,,,,,,,,,,,,,,,,,,,,,,,,,,,,,,,,,,,,,,,,,,,,,,,,,,,,,,,,,,,,,,,,,,,,,,,,,,,,,,,,,,,,,,,,,,,,,,,,,,,,,,,,,,,,,,,,,,,,,,,,,,,,,,,,,,,,,,,,,,,,,,,,,,,,,,,,,,,,,,,,,,,,,,,,,,,,,,,,,,,,,,,,,,,,,,,,,,,,,,,,,,,,,,,,,,,,,,,,,,,,,,,,,,,,,,,,,,,,,,,,,,,,,,,,,,,,,,,,,,,,,,,,,,,,,,,,,,,,,,,,,,,,,,,,,,,,,,,,,,,,,,,,,,,,,,,,,,,,,,,,,,,,,,,,,,,,,,,,,,,,,,,,,,,,,,,,,,,,,,,,,,,,,,,,,,,,,,,,,,,,,,,,,,,,,,,,,,,,,,,,,,,,,,,,,,,,,,,,,,,,,,,,,,,,,,,,,,,,,,,,,,,,,
x_t8,-0.392314,-0.3912,-0.389344,-0.387859,-0.386002,-0.383775,-0.380804,-0.376349,-0.372636,-0.369295,-0.360755,-0.351844,-0.348131,-0.344047,-0.336621,-0.333651,-0.323998,-0.319913,-0.314715,-0.309517,-0.300606,-0.293181,-0.28427,-0.279072,-0.276473,-0.273131,-0.264963,-0.260507,-0.254938,-0.248998,-0.243428,-0.23823,-0.233403,-0.225606,-0.216696,-0.210384,-0.204072,-0.198502,-0.184765,-0.179938,-0.173626,-0.167314,-0.159146,-0.150235,-0.142809,-0.135012,-0.1287,-0.123502,-0.116077,-0.10828,-0.0993688,-0.0915718,-0.0848886,-0.0774629,-0.068552,-0.0588985,-0.0518441,-0.0451609,-0.0377351,-0.031052,-0.0243688,-0.0169431,-0.0128589,-0.00728959,-0.00023514,0.00496288,0.0105322,0.0175866,0.0246411,0.030953,0.0354084,0.0402352,0.0461758,0.0495173,0.0528589,0.0554579,0.0584282,,,,,,,,,,,,,,,,,,,,,,,,,,,,,,,,,,,,,,,,,,,,,,,,,,,,,,,,,,,,,,,,,,,,,,,,,,,,,,,,,,,,,,,,,,,,,,,,,,,,,,,,,,,,,,,,,,,,,,,,,,,,,,,,,,,,,,,,,,,,,,,,,,,,,,,,,,,,,,,,,,,,,,,,,,,,,,,,,,,,,,,,,,,,,,,,,,,,,,,,,,,,,,,,,,,,,,,,,,,,,,,,,,,,,,,,,,,,,,,,,,,,,,,,,,,,,,,,,,,,,,,,,,,,,,,,,,,,,,,,,,,,,,,,,,,,,,,,,,,,,,,,,,,,,,,,,,,,,,,,,,,,,,,,,,,,,,,,,,,,,,,,,,,,,,,,,,,,,,,,,,,,,,,,,,,,,,,,,,,,,,,,,,,,,,,,,,,,,,,,,,,,,,,,,,,,,,,,,,,,,,,,,,,,,,,,,,,,,,,,,,,,,,,,,,,,,,,,,,,,,,,,,,,,,,,,,,,,,,,,,,,,,,,,,,,,,,,,,,,,,,,,,,,,,,,,,,,,,,,,,,,,,,,,,,,,,,,,,,,,,,,,,,,,,,,,,,,,,,,,,,,,,,,,,,,,,,,,,,,,,,,,,,,,,,,,,,,,,,,,,,,,,,,,,,,,,,,,,,,,,,,,,,,,,,,,,,,,,,,,,,,,,,,,,,,,,,,,,,,,,,,,,,,,,,,,,,,,,,,,,,,,,,,,,,,,,,,,,,,,,,,,,,,,,,,,,,,,,,,,,,,,,,,,,,,,,,,,,,,,,,,,,,,,,,,,,,,,,,,,,,,,,,,,,,,,,,,,,,,,,,,,,,,,,,,,,,,,,,,,,,,,,,,,,,,,,,,,,,,,,,,,,,,,,,,,,,,,,,,,,,,,,,,,,,,,,,,,,,,,,,,,,,,,,,,,,,,,,,,,,,,,,,,,,,,,,,,,,,,,,,,,,,,,,,,,,,,,,,,,,,,
y_t8,0.00187326999999998,0.0037297,0.00558613999999999,0.00707128699999998,0.00892771999999997,0.01041287,0.01115545,0.01078416,0.01115545,0.01152673,0.01301188,0.01301188,0.01338317,0.01486832,0.0178386,0.0189525,0.0215515,0.0211802,0.0211802,0.0211802,0.0226653,0.0267495,0.0297198,0.0308337,0.0300911,0.0315762,0.0349178,0.0360317,0.0367743,0.0378881,0.0378881,0.0375168,0.0360317,0.036403,0.0375168,0.0386307,0.0408584,0.0430861,0.0482842,0.0512545,0.0542248,0.0579376,0.0631356,0.0690762,0.0742743,0.0802148,0.0850416,0.089497,0.0943238,0.1002644,0.107319,0.112517,0.118086,0.123655,0.128111,0.134051,0.13925,0.144819,0.150017,0.154101,0.158928,0.163012,0.164868,0.167096,0.170809,0.174522,0.177863,0.18269,0.186774,0.189002,0.190116,0.191972,0.193457,0.1942,0.194571,0.195314,0.196799,,,,,,,,,,,,,,,,,,,,,,,,,,,,,,,,,,,,,,,,,,,,,,,,,,,,,,,,,,,,,,,,,,,,,,,,,,,,,,,,,,,,,,,,,,,,,,,,,,,,,,,,,,,,,,,,,,,,,,,,,,,,,,,,,,,,,,,,,,,,,,,,,,,,,,,,,,,,,,,,,,,,,,,,,,,,,,,,,,,,,,,,,,,,,,,,,,,,,,,,,,,,,,,,,,,,,,,,,,,,,,,,,,,,,,,,,,,,,,,,,,,,,,,,,,,,,,,,,,,,,,,,,,,,,,,,,,,,,,,,,,,,,,,,,,,,,,,,,,,,,,,,,,,,,,,,,,,,,,,,,,,,,,,,,,,,,,,,,,,,,,,,,,,,,,,,,,,,,,,,,,,,,,,,,,,,,,,,,,,,,,,,,,,,,,,,,,,,,,,,,,,,,,,,,,,,,,,,,,,,,,,,,,,,,,,,,,,,,,,,,,,,,,,,,,,,,,,,,,,,,,,,,,,,,,,,,,,,,,,,,,,,,,,,,,,,,,,,,,,,,,,,,,,,,,,,,,,,,,,,,,,,,,,,,,,,,,,,,,,,,,,,,,,,,,,,,,,,,,,,,,,,,,,,,,,,,,,,,,,,,,,,,,,,,,,,,,,,,,,,,,,,,,,,,,,,,,,,,,,,,,,,,,,,,,,,,,,,,,,,,,,,,,,,,,,,,,,,,,,,,,,,,,,,,,,,,,,,,,,,,,,,,,,,,,,,,,,,,,,,,,,,,,,,,,,,,,,,,,,,,,,,,,,,,,,,,,,,,,,,,,,,,,,,,,,,,,,,,,,,,,,,,,,,,,,,,,,,,,,,,,,,,,,,,,,,,,,,,,,,,,,,,,,,,,,,,,,,,,,,,,,,,,,,,,,,,,,,,,,,,,,,,,,,,,,,,,,,,,,,,,,,,,,,,,,,,,,,,,,,,,,,,,,,,,,,,,,,,,,,,,,,,,,,,,,,,,,,,,,,,,,
x_t9,-0.391116,-0.388167,-0.384847,-0.381896,-0.378573,-0.373773,-0.370081,-0.364172,-0.359738,-0.351984,-0.346812,-0.338692,-0.335737,-0.329827,-0.320224,-0.31173,-0.304714,-0.299546,-0.295488,-0.291428,-0.287,-0.280723,-0.275186,-0.268908,-0.261894,-0.250816,-0.244905,-0.239732,-0.23382,-0.228279,-0.221257,-0.214611,-0.209442,-0.205011,-0.199103,-0.193935,-0.187659,-0.181753,-0.176587,-0.169206,-0.16367,-0.158875,-0.15039,-0.145596,-0.139696,-0.132687,-0.124574,-0.11978,-0.11314,-0.107238,-0.1006016,-0.0932252,-0.0876897,-0.0810477,-0.0755132,-0.067397,-0.0607577,-0.055224,-0.0482171,-0.0426862,-0.0349404,-0.0297771,-0.0227674,-0.0146503,-0.00801195,-0.002109752,0.00563972,0.0122817,0.0200303,0.0255649,0.0303651,0.034794,0.0388553,0.0421776,,,,,,,,,,,,,,,,,,,,,,,,,,,,,,,,,,,,,,,,,,,,,,,,,,,,,,,,,,,,,,,,,,,,,,,,,,,,,,,,,,,,,,,,,,,,,,,,,,,,,,,,,,,,,,,,,,,,,,,,,,,,,,,,,,,,,,,,,,,,,,,,,,,,,,,,,,,,,,,,,,,,,,,,,,,,,,,,,,,,,,,,,,,,,,,,,,,,,,,,,,,,,,,,,,,,,,,,,,,,,,,,,,,,,,,,,,,,,,,,,,,,,,,,,,,,,,,,,,,,,,,,,,,,,,,,,,,,,,,,,,,,,,,,,,,,,,,,,,,,,,,,,,,,,,,,,,,,,,,,,,,,,,,,,,,,,,,,,,,,,,,,,,,,,,,,,,,,,,,,,,,,,,,,,,,,,,,,,,,,,,,,,,,,,,,,,,,,,,,,,,,,,,,,,,,,,,,,,,,,,,,,,,,,,,,,,,,,,,,,,,,,,,,,,,,,,,,,,,,,,,,,,,,,,,,,,,,,,,,,,,,,,,,,,,,,,,,,,,,,,,,,,,,,,,,,,,,,,,,,,,,,,,,,,,,,,,,,,,,,,,,,,,,,,,,,,,,,,,,,,,,,,,,,,,,,,,,,,,,,,,,,,,,,,,,,,,,,,,,,,,,,,,,,,,,,,,,,,,,,,,,,,,,,,,,,,,,,,,,,,,,,,,,,,,,,,,,,,,,,,,,,,,,,,,,,,,,,,,,,,,,,,,,,,,,,,,,,,,,,,,,,,,,,,,,,,,,,,,,,,,,,,,,,,,,,,,,,,,,,,,,,,,,,,,,,,,,,,,,,,,,,,,,,,,,,,,,,,,,,,,,,,,,,,,,,,,,,,,,,,,,,,,,,,,,,,,,,,,,,,,,,,,,,,,,,,,,,,,,,,,,,,,,,,,,,,,,,,,,,,,,,,,,,,,,,,,,,,,,,,,,,,,,,,,,,,,,,,,,,,,,,,,,,,,,,,,,,,,,,,,,,,,
y_t9,0.00204539999999998,0.00500832999999998,0.00686379799999998,0.00871835999999998,0.00983492,0.01095511,0.01170312,0.01282605,0.01283697,0.01470336,0.0147161,0.0180612,0.0180685,0.018822,0.019954,0.0214528,0.0229479,0.0248079,0.0270346,0.0288919,0.0311196,0.0326129,0.0344738,0.0355976,0.0378317,0.0404452,0.0404597,0.040103,0.0397481,0.0401312,0.0394096,0.0412732,0.0423944,0.0435136,0.045006,0.0464966,0.0483593,0.0505906,0.0531896,0.0565329,0.0591327,0.0621002,0.0672935,0.0709999,0.0754479,0.0798987,0.0861994,0.0895364,0.0939862,0.0976953,0.1032536,0.108444,0.111044,0.114385,0.117355,0.122178,0.126628,0.129966,0.135156,0.139603,0.144795,0.148502,0.152583,0.157037,0.161856,0.165565,0.169279,0.17262,0.176703,0.179673,0.180793,0.182651,0.183769,0.184886,,,,,,,,,,,,,,,,,,,,,,,,,,,,,,,,,,,,,,,,,,,,,,,,,,,,,,,,,,,,,,,,,,,,,,,,,,,,,,,,,,,,,,,,,,,,,,,,,,,,,,,,,,,,,,,,,,,,,,,,,,,,,,,,,,,,,,,,,,,,,,,,,,,,,,,,,,,,,,,,,,,,,,,,,,,,,,,,,,,,,,,,,,,,,,,,,,,,,,,,,,,,,,,,,,,,,,,,,,,,,,,,,,,,,,,,,,,,,,,,,,,,,,,,,,,,,,,,,,,,,,,,,,,,,,,,,,,,,,,,,,,,,,,,,,,,,,,,,,,,,,,,,,,,,,,,,,,,,,,,,,,,,,,,,,,,,,,,,,,,,,,,,,,,,,,,,,,,,,,,,,,,,,,,,,,,,,,,,,,,,,,,,,,,,,,,,,,,,,,,,,,,,,,,,,,,,,,,,,,,,,,,,,,,,,,,,,,,,,,,,,,,,,,,,,,,,,,,,,,,,,,,,,,,,,,,,,,,,,,,,,,,,,,,,,,,,,,,,,,,,,,,,,,,,,,,,,,,,,,,,,,,,,,,,,,,,,,,,,,,,,,,,,,,,,,,,,,,,,,,,,,,,,,,,,,,,,,,,,,,,,,,,,,,,,,,,,,,,,,,,,,,,,,,,,,,,,,,,,,,,,,,,,,,,,,,,,,,,,,,,,,,,,,,,,,,,,,,,,,,,,,,,,,,,,,,,,,,,,,,,,,,,,,,,,,,,,,,,,,,,,,,,,,,,,,,,,,,,,,,,,,,,,,,,,,,,,,,,,,,,,,,,,,,,,,,,,,,,,,,,,,,,,,,,,,,,,,,,,,,,,,,,,,,,,,,,,,,,,,,,,,,,,,,,,,,,,,,,,,,,,,,,,,,,,,,,,,,,,,,,,,,,,,,,,,,,,,,,,,,,,,,,,,,,,,,,,,,,,,,,,,,,,,,,,,,,,,,,,,,,,,,,,,,,,,,,,,,,,,,,,,,,,
x_t10,-0.391505,-0.389282,-0.386691,-0.383731,-0.380403,-0.375598,-0.371532,-0.366728,-0.363034,-0.357859,-0.353056,-0.347507,-0.343441,-0.339373,-0.334568,-0.326067,-0.319414,-0.313498,-0.308322,-0.302037,-0.296122,-0.290577,-0.280592,-0.274675,-0.268759,-0.264692,-0.260993,-0.255078,-0.249534,-0.242883,-0.231427,-0.221439,-0.215521,-0.204063,-0.199996,-0.193345,-0.178196,-0.172652,-0.16045,-0.153791,-0.146393,-0.137885,-0.130484,-0.120124,-0.113462,-0.106801,-0.0990282,-0.0916273,-0.0849652,-0.0797838,-0.0734957,-0.066467,-0.0601753,-0.052404,-0.0464818,-0.040191,-0.0320484,-0.0242798,-0.0161382,-0.00947885,-0.00245282,0.00568977,0.0119787,0.0197482,0.0252973,0.0315872,0.0375039,0.0430512,,,,,,,,,,,,,,,,,,,,,,,,,,,,,,,,,,,,,,,,,,,,,,,,,,,,,,,,,,,,,,,,,,,,,,,,,,,,,,,,,,,,,,,,,,,,,,,,,,,,,,,,,,,,,,,,,,,,,,,,,,,,,,,,,,,,,,,,,,,,,,,,,,,,,,,,,,,,,,,,,,,,,,,,,,,,,,,,,,,,,,,,,,,,,,,,,,,,,,,,,,,,,,,,,,,,,,,,,,,,,,,,,,,,,,,,,,,,,,,,,,,,,,,,,,,,,,,,,,,,,,,,,,,,,,,,,,,,,,,,,,,,,,,,,,,,,,,,,,,,,,,,,,,,,,,,,,,,,,,,,,,,,,,,,,,,,,,,,,,,,,,,,,,,,,,,,,,,,,,,,,,,,,,,,,,,,,,,,,,,,,,,,,,,,,,,,,,,,,,,,,,,,,,,,,,,,,,,,,,,,,,,,,,,,,,,,,,,,,,,,,,,,,,,,,,,,,,,,,,,,,,,,,,,,,,,,,,,,,,,,,,,,,,,,,,,,,,,,,,,,,,,,,,,,,,,,,,,,,,,,,,,,,,,,,,,,,,,,,,,,,,,,,,,,,,,,,,,,,,,,,,,,,,,,,,,,,,,,,,,,,,,,,,,,,,,,,,,,,,,,,,,,,,,,,,,,,,,,,,,,,,,,,,,,,,,,,,,,,,,,,,,,,,,,,,,,,,,,,,,,,,,,,,,,,,,,,,,,,,,,,,,,,,,,,,,,,,,,,,,,,,,,,,,,,,,,,,,,,,,,,,,,,,,,,,,,,,,,,,,,,,,,,,,,,,,,,,,,,,,,,,,,,,,,,,,,,,,,,,,,,,,,,,,,,,,,,,,,,,,,,,,,,,,,,,,,,,,,,,,,,,,,,,,,,,,,,,,,,,,,,,,,,,,,,,,,,,,,,,,,,,,,,,,,,,,,,,,,,,,,,,,,,,,,,,,,,,,,,,,,,,,,,,,,,,,,,,,,,,,,,,,,,,,,,,,
y_t10,0.00322748000000001,0.00580820999999998,0.00801858,0.00948911999999999,0.0105893,0.01168583,0.01241474,0.01277236,0.01239381,0.01348943,0.01384706,0.0164196,0.0171485,0.0189858,0.0197129,0.0211697,0.0222617,0.0240945,0.0255595,0.0273914,0.0288546,0.0299493,0.0339888,0.036191,0.0383931,0.0394915,0.0413297,0.0427929,0.0435182,0.0438713,0.0449514,0.0500992,0.0526709,0.0548594,0.0559578,0.0563108,0.0570124,0.0577377,0.0617717,0.0654499,0.0687568,0.0731693,0.077954,0.0842093,0.0886264,0.0930435,0.0989357,0.1037204,0.108507,0.112189,0.115129,0.118806,0.123224,0.128377,0.132796,0.136845,0.142736,0.146781,0.152303,0.155981,0.15855,0.164441,0.167751,0.172165,0.175107,0.178786,0.180989,0.183192,,,,,,,,,,,,,,,,,,,,,,,,,,,,,,,,,,,,,,,,,,,,,,,,,,,,,,,,,,,,,,,,,,,,,,,,,,,,,,,,,,,,,,,,,,,,,,,,,,,,,,,,,,,,,,,,,,,,,,,,,,,,,,,,,,,,,,,,,,,,,,,,,,,,,,,,,,,,,,,,,,,,,,,,,,,,,,,,,,,,,,,,,,,,,,,,,,,,,,,,,,,,,,,,,,,,,,,,,,,,,,,,,,,,,,,,,,,,,,,,,,,,,,,,,,,,,,,,,,,,,,,,,,,,,,,,,,,,,,,,,,,,,,,,,,,,,,,,,,,,,,,,,,,,,,,,,,,,,,,,,,,,,,,,,,,,,,,,,,,,,,,,,,,,,,,,,,,,,,,,,,,,,,,,,,,,,,,,,,,,,,,,,,,,,,,,,,,,,,,,,,,,,,,,,,,,,,,,,,,,,,,,,,,,,,,,,,,,,,,,,,,,,,,,,,,,,,,,,,,,,,,,,,,,,,,,,,,,,,,,,,,,,,,,,,,,,,,,,,,,,,,,,,,,,,,,,,,,,,,,,,,,,,,,,,,,,,,,,,,,,,,,,,,,,,,,,,,,,,,,,,,,,,,,,,,,,,,,,,,,,,,,,,,,,,,,,,,,,,,,,,,,,,,,,,,,,,,,,,,,,,,,,,,,,,,,,,,,,,,,,,,,,,,,,,,,,,,,,,,,,,,,,,,,,,,,,,,,,,,,,,,,,,,,,,,,,,,,,,,,,,,,,,,,,,,,,,,,,,,,,,,,,,,,,,,,,,,,,,,,,,,,,,,,,,,,,,,,,,,,,,,,,,,,,,,,,,,,,,,,,,,,,,,,,,,,,,,,,,,,,,,,,,,,,,,,,,,,,,,,,,,,,,,,,,,,,,,,,,,,,,,,,,,,,,,,,,,,,,,,,,,,,,,,,,,,,,,,,,,,,,,,,,,,,,,,,,,,,,,,,,,,,,,,,,,,,,,,,,,,,,,,,,,,,,,,
x_t11,-0.393571,-0.390979,-0.388386,-0.385053,-0.38283,-0.379127,-0.375053,-0.368756,-0.365423,-0.359868,-0.355053,-0.349868,-0.340608,-0.330608,-0.325423,-0.315053,-0.306534,-0.301349,-0.296534,-0.285793,-0.276164,-0.271349,-0.259127,-0.247645,-0.235423,-0.230608,-0.224312,-0.219497,-0.21246,-0.199868,-0.19283,-0.180238,-0.167275,-0.154312,-0.143201,-0.135793,-0.127645,-0.120608,-0.114312,-0.106534,-0.0980157,-0.0932009,-0.0898675,-0.0832009,-0.0776453,-0.0717194,-0.0650527,-0.0594971,-0.0539416,-0.0480157,-0.044312,-0.0406083,,,,,,,,,,,,,,,,,,,,,,,,,,,,,,,,,,,,,,,,,,,,,,,,,,,,,,,,,,,,,,,,,,,,,,,,,,,,,,,,,,,,,,,,,,,,,,,,,,,,,,,,,,,,,,,,,,,,,,,,,,,,,,,,,,,,,,,,,,,,,,,,,,,,,,,,,,,,,,,,,,,,,,,,,,,,,,,,,,,,,,,,,,,,,,,,,,,,,,,,,,,,,,,,,,,,,,,,,,,,,,,,,,,,,,,,,,,,,,,,,,,,,,,,,,,,,,,,,,,,,,,,,,,,,,,,,,,,,,,,,,,,,,,,,,,,,,,,,,,,,,,,,,,,,,,,,,,,,,,,,,,,,,,,,,,,,,,,,,,,,,,,,,,,,,,,,,,,,,,,,,,,,,,,,,,,,,,,,,,,,,,,,,,,,,,,,,,,,,,,,,,,,,,,,,,,,,,,,,,,,,,,,,,,,,,,,,,,,,,,,,,,,,,,,,,,,,,,,,,,,,,,,,,,,,,,,,,,,,,,,,,,,,,,,,,,,,,,,,,,,,,,,,,,,,,,,,,,,,,,,,,,,,,,,,,,,,,,,,,,,,,,,,,,,,,,,,,,,,,,,,,,,,,,,,,,,,,,,,,,,,,,,,,,,,,,,,,,,,,,,,,,,,,,,,,,,,,,,,,,,,,,,,,,,,,,,,,,,,,,,,,,,,,,,,,,,,,,,,,,,,,,,,,,,,,,,,,,,,,,,,,,,,,,,,,,,,,,,,,,,,,,,,,,,,,,,,,,,,,,,,,,,,,,,,,,,,,,,,,,,,,,,,,,,,,,,,,,,,,,,,,,,,,,,,,,,,,,,,,,,,,,,,,,,,,,,,,,,,,,,,,,,,,,,,,,,,,,,,,,,,,,,,,,,,,,,,,,,,,,,,,,,,,,,,,,,,,,,,,,,,,,,,,,,,,,,,,,,,,,,,,,,,,,,,,,,,,,,,,,,,,,,,,,,,,,,,,,,,,,,,,,,,,,,,,,,,,,,,,,,,,,,,,,
y_t11,0.00262593,0.00484815,0.00707036999999999,0.01003333,0.01114444,0.01225556,0.01262593,0.01262593,0.01262593,0.01262593,0.01336667,0.01484815,0.0178111,0.0211444,0.0211444,0.0226259,0.0252185,0.0263296,0.0270704,0.0311444,0.0344778,0.0359593,0.0400333,0.0422556,0.0444778,0.0459593,0.0478111,0.0489222,0.0500333,0.053737,0.0548481,0.0607741,0.0629963,0.0667,0.0726259,0.0770704,0.0818852,0.0863296,0.0907741,0.0955889,0.1004037,0.103737,0.1055889,0.109293,0.111515,0.113367,0.11633,0.118181,0.120404,0.122996,0.124478,0.125959,,,,,,,,,,,,,,,,,,,,,,,,,,,,,,,,,,,,,,,,,,,,,,,,,,,,,,,,,,,,,,,,,,,,,,,,,,,,,,,,,,,,,,,,,,,,,,,,,,,,,,,,,,,,,,,,,,,,,,,,,,,,,,,,,,,,,,,,,,,,,,,,,,,,,,,,,,,,,,,,,,,,,,,,,,,,,,,,,,,,,,,,,,,,,,,,,,,,,,,,,,,,,,,,,,,,,,,,,,,,,,,,,,,,,,,,,,,,,,,,,,,,,,,,,,,,,,,,,,,,,,,,,,,,,,,,,,,,,,,,,,,,,,,,,,,,,,,,,,,,,,,,,,,,,,,,,,,,,,,,,,,,,,,,,,,,,,,,,,,,,,,,,,,,,,,,,,,,,,,,,,,,,,,,,,,,,,,,,,,,,,,,,,,,,,,,,,,,,,,,,,,,,,,,,,,,,,,,,,,,,,,,,,,,,,,,,,,,,,,,,,,,,,,,,,,,,,,,,,,,,,,,,,,,,,,,,,,,,,,,,,,,,,,,,,,,,,,,,,,,,,,,,,,,,,,,,,,,,,,,,,,,,,,,,,,,,,,,,,,,,,,,,,,,,,,,,,,,,,,,,,,,,,,,,,,,,,,,,,,,,,,,,,,,,,,,,,,,,,,,,,,,,,,,,,,,,,,,,,,,,,,,,,,,,,,,,,,,,,,,,,,,,,,,,,,,,,,,,,,,,,,,,,,,,,,,,,,,,,,,,,,,,,,,,,,,,,,,,,,,,,,,,,,,,,,,,,,,,,,,,,,,,,,,,,,,,,,,,,,,,,,,,,,,,,,,,,,,,,,,,,,,,,,,,,,,,,,,,,,,,,,,,,,,,,,,,,,,,,,,,,,,,,,,,,,,,,,,,,,,,,,,,,,,,,,,,,,,,,,,,,,,,,,,,,,,,,,,,,,,,,,,,,,,,,,,,,,,,,,,,,,,,,,,,,,,,,,,,,,,,,,,,,,,,,,,,,,,,,,,,,,,,,,,,,,,,,,,,,,,,,,,,,,,
x_t12,-0.392595,-0.390752,-0.387802,-0.384849,-0.37968,-0.375618,-0.370078,-0.364906,-0.355305,-0.34792,-0.343119,-0.337581,-0.33315,-0.32872,-0.322443,-0.317273,-0.311735,-0.305827,-0.300289,-0.293643,-0.288105,-0.282569,-0.275925,-0.271126,-0.26485,-0.258943,-0.253034,-0.243799,-0.234939,-0.227924,-0.219801,-0.212786,-0.203926,-0.196173,-0.189528,-0.179191,-0.172546,-0.164796,-0.157414,-0.150032,-0.143756,-0.136374,-0.128993,-0.123455,-0.118285,-0.112748,-0.108317,-0.104255,-0.100193,-0.0961308,-0.0924381,,,,,,,,,,,,,,,,,,,,,,,,,,,,,,,,,,,,,,,,,,,,,,,,,,,,,,,,,,,,,,,,,,,,,,,,,,,,,,,,,,,,,,,,,,,,,,,,,,,,,,,,,,,,,,,,,,,,,,,,,,,,,,,,,,,,,,,,,,,,,,,,,,,,,,,,,,,,,,,,,,,,,,,,,,,,,,,,,,,,,,,,,,,,,,,,,,,,,,,,,,,,,,,,,,,,,,,,,,,,,,,,,,,,,,,,,,,,,,,,,,,,,,,,,,,,,,,,,,,,,,,,,,,,,,,,,,,,,,,,,,,,,,,,,,,,,,,,,,,,,,,,,,,,,,,,,,,,,,,,,,,,,,,,,,,,,,,,,,,,,,,,,,,,,,,,,,,,,,,,,,,,,,,,,,,,,,,,,,,,,,,,,,,,,,,,,,,,,,,,,,,,,,,,,,,,,,,,,,,,,,,,,,,,,,,,,,,,,,,,,,,,,,,,,,,,,,,,,,,,,,,,,,,,,,,,,,,,,,,,,,,,,,,,,,,,,,,,,,,,,,,,,,,,,,,,,,,,,,,,,,,,,,,,,,,,,,,,,,,,,,,,,,,,,,,,,,,,,,,,,,,,,,,,,,,,,,,,,,,,,,,,,,,,,,,,,,,,,,,,,,,,,,,,,,,,,,,,,,,,,,,,,,,,,,,,,,,,,,,,,,,,,,,,,,,,,,,,,,,,,,,,,,,,,,,,,,,,,,,,,,,,,,,,,,,,,,,,,,,,,,,,,,,,,,,,,,,,,,,,,,,,,,,,,,,,,,,,,,,,,,,,,,,,,,,,,,,,,,,,,,,,,,,,,,,,,,,,,,,,,,,,,,,,,,,,,,,,,,,,,,,,,,,,,,,,,,,,,,,,,,,,,,,,,,,,,,,,,,,,,,,,,,,,,,,,,,,,,,,,,,,,,,,,,,,,,,,,,,,,,,,,,,,,,,,,,,,,,,,,,,,,,,,,,,,,,,,,,,,,,,,,,,,,,,,,,,,,,,,,,,,,,,,,,
y_t12,0.00241121999999999,0.00426304999999999,0.00648706199999999,0.00760270999999999,0.00909326999999999,0.0098422,0.01059476,0.01097695,0.01284789,0.01434391,0.01546411,0.0169556,0.0177054,0.0191942,0.0206875,0.0218086,0.0233,0.0247924,0.0262839,0.0281476,0.029639,0.0318694,0.034472,0.0363311,0.0381938,0.0400557,0.0408091,0.0415708,0.0441788,0.0460434,0.0482802,0.0501447,0.0531222,0.0553581,0.0572217,0.0605723,0.0628054,0.0661496,0.0691235,0.0720973,0.0739601,0.0769339,0.0802772,0.0817687,0.0828898,0.0847507,0.08587,0.086619,0.0873679,0.0881168,0.0888648,,,,,,,,,,,,,,,,,,,,,,,,,,,,,,,,,,,,,,,,,,,,,,,,,,,,,,,,,,,,,,,,,,,,,,,,,,,,,,,,,,,,,,,,,,,,,,,,,,,,,,,,,,,,,,,,,,,,,,,,,,,,,,,,,,,,,,,,,,,,,,,,,,,,,,,,,,,,,,,,,,,,,,,,,,,,,,,,,,,,,,,,,,,,,,,,,,,,,,,,,,,,,,,,,,,,,,,,,,,,,,,,,,,,,,,,,,,,,,,,,,,,,,,,,,,,,,,,,,,,,,,,,,,,,,,,,,,,,,,,,,,,,,,,,,,,,,,,,,,,,,,,,,,,,,,,,,,,,,,,,,,,,,,,,,,,,,,,,,,,,,,,,,,,,,,,,,,,,,,,,,,,,,,,,,,,,,,,,,,,,,,,,,,,,,,,,,,,,,,,,,,,,,,,,,,,,,,,,,,,,,,,,,,,,,,,,,,,,,,,,,,,,,,,,,,,,,,,,,,,,,,,,,,,,,,,,,,,,,,,,,,,,,,,,,,,,,,,,,,,,,,,,,,,,,,,,,,,,,,,,,,,,,,,,,,,,,,,,,,,,,,,,,,,,,,,,,,,,,,,,,,,,,,,,,,,,,,,,,,,,,,,,,,,,,,,,,,,,,,,,,,,,,,,,,,,,,,,,,,,,,,,,,,,,,,,,,,,,,,,,,,,,,,,,,,,,,,,,,,,,,,,,,,,,,,,,,,,,,,,,,,,,,,,,,,,,,,,,,,,,,,,,,,,,,,,,,,,,,,,,,,,,,,,,,,,,,,,,,,,,,,,,,,,,,,,,,,,,,,,,,,,,,,,,,,,,,,,,,,,,,,,,,,,,,,,,,,,,,,,,,,,,,,,,,,,,,,,,,,,,,,,,,,,,,,,,,,,,,,,,,,,,,,,,,,,,,,,,,,,,,,,,,,,,,,,,,,,,,,,,,,,,,,,,,,,,,,,,,,,,,,,,,,,,,,,,,,,,,,,,,,,,,,,,,,,,,,,,,,,,,,,,,,,,
x_t13,-0.399877,-0.39802,-0.396163,-0.393566,-0.389488,-0.385413,-0.381336,-0.376151,-0.370964,-0.365778,-0.361332,-0.356885,-0.348361,-0.345029,-0.341691,-0.336501,-0.325757,-0.320199,-0.308712,-0.304264,-0.293884,-0.290547,-0.287583,-0.282021,-0.277573,-0.272013,-0.266453,-0.260523,-0.254594,-0.250149,-0.239035,-0.233104,-0.225691,-0.220501,-0.214569,-0.207898,-0.194557,-0.188995,-0.184915,-0.178243,-0.166011,-0.159712,-0.150817,-0.143775,-0.137102,-0.128946,-0.123016,-0.115972,-0.110413,-0.105224,-0.1011481,-0.0963297,-0.0929945,-0.0892881,,,,,,,,,,,,,,,,,,,,,,,,,,,,,,,,,,,,,,,,,,,,,,,,,,,,,,,,,,,,,,,,,,,,,,,,,,,,,,,,,,,,,,,,,,,,,,,,,,,,,,,,,,,,,,,,,,,,,,,,,,,,,,,,,,,,,,,,,,,,,,,,,,,,,,,,,,,,,,,,,,,,,,,,,,,,,,,,,,,,,,,,,,,,,,,,,,,,,,,,,,,,,,,,,,,,,,,,,,,,,,,,,,,,,,,,,,,,,,,,,,,,,,,,,,,,,,,,,,,,,,,,,,,,,,,,,,,,,,,,,,,,,,,,,,,,,,,,,,,,,,,,,,,,,,,,,,,,,,,,,,,,,,,,,,,,,,,,,,,,,,,,,,,,,,,,,,,,,,,,,,,,,,,,,,,,,,,,,,,,,,,,,,,,,,,,,,,,,,,,,,,,,,,,,,,,,,,,,,,,,,,,,,,,,,,,,,,,,,,,,,,,,,,,,,,,,,,,,,,,,,,,,,,,,,,,,,,,,,,,,,,,,,,,,,,,,,,,,,,,,,,,,,,,,,,,,,,,,,,,,,,,,,,,,,,,,,,,,,,,,,,,,,,,,,,,,,,,,,,,,,,,,,,,,,,,,,,,,,,,,,,,,,,,,,,,,,,,,,,,,,,,,,,,,,,,,,,,,,,,,,,,,,,,,,,,,,,,,,,,,,,,,,,,,,,,,,,,,,,,,,,,,,,,,,,,,,,,,,,,,,,,,,,,,,,,,,,,,,,,,,,,,,,,,,,,,,,,,,,,,,,,,,,,,,,,,,,,,,,,,,,,,,,,,,,,,,,,,,,,,,,,,,,,,,,,,,,,,,,,,,,,,,,,,,,,,,,,,,,,,,,,,,,,,,,,,,,,,,,,,,,,,,,,,,,,,,,,,,,,,,,,,,,,,,,,,,,,,,,,,,,,,,,,,,,,,,,,,,,,,,,,,,,,,,,,,,,,,,,,,,,,,,,,,,,,,,,,,,,,,,,,,,,,,,,,,,,,,,,,,,,,,,
y_t13,0.00286919999999996,0.00508683999999998,0.006934109,0.00877955,0.01025096,0.01098164,0.01208268,0.01206988,0.01242745,0.01278501,0.01351477,0.0146149,0.0168161,0.01643748,0.0182811,0.0201201,0.0215751,0.0223021,0.024496,0.0259665,0.0300149,0.0314881,0.0318512,0.0344301,0.0359006,0.0377387,0.0395768,0.041414,0.0425105,0.0428699,0.0439535,0.0457908,0.048365,0.0502041,0.0524117,0.054247,0.0575474,0.0601263,0.0623384,0.0645442,0.0685881,0.0696836,0.0722542,0.0740887,0.0766648,0.079978,0.0814449,0.0843904,0.0858582,0.0873269,0.0880575,0.0895271,0.0902596,0.0913616,,,,,,,,,,,,,,,,,,,,,,,,,,,,,,,,,,,,,,,,,,,,,,,,,,,,,,,,,,,,,,,,,,,,,,,,,,,,,,,,,,,,,,,,,,,,,,,,,,,,,,,,,,,,,,,,,,,,,,,,,,,,,,,,,,,,,,,,,,,,,,,,,,,,,,,,,,,,,,,,,,,,,,,,,,,,,,,,,,,,,,,,,,,,,,,,,,,,,,,,,,,,,,,,,,,,,,,,,,,,,,,,,,,,,,,,,,,,,,,,,,,,,,,,,,,,,,,,,,,,,,,,,,,,,,,,,,,,,,,,,,,,,,,,,,,,,,,,,,,,,,,,,,,,,,,,,,,,,,,,,,,,,,,,,,,,,,,,,,,,,,,,,,,,,,,,,,,,,,,,,,,,,,,,,,,,,,,,,,,,,,,,,,,,,,,,,,,,,,,,,,,,,,,,,,,,,,,,,,,,,,,,,,,,,,,,,,,,,,,,,,,,,,,,,,,,,,,,,,,,,,,,,,,,,,,,,,,,,,,,,,,,,,,,,,,,,,,,,,,,,,,,,,,,,,,,,,,,,,,,,,,,,,,,,,,,,,,,,,,,,,,,,,,,,,,,,,,,,,,,,,,,,,,,,,,,,,,,,,,,,,,,,,,,,,,,,,,,,,,,,,,,,,,,,,,,,,,,,,,,,,,,,,,,,,,,,,,,,,,,,,,,,,,,,,,,,,,,,,,,,,,,,,,,,,,,,,,,,,,,,,,,,,,,,,,,,,,,,,,,,,,,,,,,,,,,,,,,,,,,,,,,,,,,,,,,,,,,,,,,,,,,,,,,,,,,,,,,,,,,,,,,,,,,,,,,,,,,,,,,,,,,,,,,,,,,,,,,,,,,,,,,,,,,,,,,,,,,,,,,,,,,,,,,,,,,,,,,,,,,,,,,,,,,,,,,,,,,,,,,,,,,,,,,,,,,,,,,,,,,,,,,,,,,,,,,,,,,,,,,,,,,,,,,,,,,,,,,,,,,,,,,,,,,,,,,,,,,,,,,,,,,,,
x_t14,-0.393057,-0.393057,-0.393057,-0.392314,-0.389344,-0.386374,-0.383032,-0.379319,-0.374121,-0.371151,-0.367809,-0.363725,-0.360755,-0.355557,-0.345532,-0.341819,-0.337364,-0.332908,-0.32771,-0.323255,-0.318057,-0.313601,-0.306918,-0.296151,-0.290953,-0.285755,-0.280928,-0.266819,-0.257166,-0.25271,-0.242314,-0.238601,-0.233032,-0.226349,-0.222636,-0.215953,-0.210012,-0.202587,-0.197389,-0.192191,-0.186993,-0.182166,-0.176597,-0.171027,-0.1662,-0.161002,-0.15729,-0.151349,-0.145408,-0.139839,-0.13427,-0.128329,-0.123874,-0.11979,-0.116448,-0.113106,-0.110507,,,,,,,,,,,,,,,,,,,,,,,,,,,,,,,,,,,,,,,,,,,,,,,,,,,,,,,,,,,,,,,,,,,,,,,,,,,,,,,,,,,,,,,,,,,,,,,,,,,,,,,,,,,,,,,,,,,,,,,,,,,,,,,,,,,,,,,,,,,,,,,,,,,,,,,,,,,,,,,,,,,,,,,,,,,,,,,,,,,,,,,,,,,,,,,,,,,,,,,,,,,,,,,,,,,,,,,,,,,,,,,,,,,,,,,,,,,,,,,,,,,,,,,,,,,,,,,,,,,,,,,,,,,,,,,,,,,,,,,,,,,,,,,,,,,,,,,,,,,,,,,,,,,,,,,,,,,,,,,,,,,,,,,,,,,,,,,,,,,,,,,,,,,,,,,,,,,,,,,,,,,,,,,,,,,,,,,,,,,,,,,,,,,,,,,,,,,,,,,,,,,,,,,,,,,,,,,,,,,,,,,,,,,,,,,,,,,,,,,,,,,,,,,,,,,,,,,,,,,,,,,,,,,,,,,,,,,,,,,,,,,,,,,,,,,,,,,,,,,,,,,,,,,,,,,,,,,,,,,,,,,,,,,,,,,,,,,,,,,,,,,,,,,,,,,,,,,,,,,,,,,,,,,,,,,,,,,,,,,,,,,,,,,,,,,,,,,,,,,,,,,,,,,,,,,,,,,,,,,,,,,,,,,,,,,,,,,,,,,,,,,,,,,,,,,,,,,,,,,,,,,,,,,,,,,,,,,,,,,,,,,,,,,,,,,,,,,,,,,,,,,,,,,,,,,,,,,,,,,,,,,,,,,,,,,,,,,,,,,,,,,,,,,,,,,,,,,,,,,,,,,,,,,,,,,,,,,,,,,,,,,,,,,,,,,,,,,,,,,,,,,,,,,,,,,,,,,,,,,,,,,,,,,,,,,,,,,,,,,,,,,,,,,,,,,,,,,,,,,,,,,,,,,,,,,,,,,,,,,,,,,,,,,,,,,,,,,,,,,,,,,,,,,,,,,,,,,,,,,,,,,,,,,,,,,,,,,,,,,,,,,
y_t14,0.0037297,0.0037297,0.00410098999999997,0.00632871299999999,0.00855643999999997,0.01004158,0.01152673,0.01264059,0.01412574,0.01449703,0.01449703,0.01449703,0.01449703,0.01486832,0.0174673,0.0185812,0.0204376,0.0211802,0.0215515,0.0222941,0.0234079,0.0245218,0.0260069,0.0286059,0.0304624,0.0323188,0.0345465,0.0397446,0.0423436,0.0430861,0.0434574,0.0442,0.0464277,0.0486554,0.0508832,0.0527396,0.0542248,0.054596,0.0560812,0.0583089,0.0609079,0.0627644,0.0653634,0.0679624,0.0705614,0.0716752,0.0735317,0.0746455,0.0753881,0.076502,0.076502,0.0768733,0.076502,0.0768733,0.076502,0.0768733,0.0772446,,,,,,,,,,,,,,,,,,,,,,,,,,,,,,,,,,,,,,,,,,,,,,,,,,,,,,,,,,,,,,,,,,,,,,,,,,,,,,,,,,,,,,,,,,,,,,,,,,,,,,,,,,,,,,,,,,,,,,,,,,,,,,,,,,,,,,,,,,,,,,,,,,,,,,,,,,,,,,,,,,,,,,,,,,,,,,,,,,,,,,,,,,,,,,,,,,,,,,,,,,,,,,,,,,,,,,,,,,,,,,,,,,,,,,,,,,,,,,,,,,,,,,,,,,,,,,,,,,,,,,,,,,,,,,,,,,,,,,,,,,,,,,,,,,,,,,,,,,,,,,,,,,,,,,,,,,,,,,,,,,,,,,,,,,,,,,,,,,,,,,,,,,,,,,,,,,,,,,,,,,,,,,,,,,,,,,,,,,,,,,,,,,,,,,,,,,,,,,,,,,,,,,,,,,,,,,,,,,,,,,,,,,,,,,,,,,,,,,,,,,,,,,,,,,,,,,,,,,,,,,,,,,,,,,,,,,,,,,,,,,,,,,,,,,,,,,,,,,,,,,,,,,,,,,,,,,,,,,,,,,,,,,,,,,,,,,,,,,,,,,,,,,,,,,,,,,,,,,,,,,,,,,,,,,,,,,,,,,,,,,,,,,,,,,,,,,,,,,,,,,,,,,,,,,,,,,,,,,,,,,,,,,,,,,,,,,,,,,,,,,,,,,,,,,,,,,,,,,,,,,,,,,,,,,,,,,,,,,,,,,,,,,,,,,,,,,,,,,,,,,,,,,,,,,,,,,,,,,,,,,,,,,,,,,,,,,,,,,,,,,,,,,,,,,,,,,,,,,,,,,,,,,,,,,,,,,,,,,,,,,,,,,,,,,,,,,,,,,,,,,,,,,,,,,,,,,,,,,,,,,,,,,,,,,,,,,,,,,,,,,,,,,,,,,,,,,,,,,,,,,,,,,,,,,,,,,,,,,,,,,,,,,,,,,,,,,,,,,,,,,,,,,,,,,,,,,,,,,,,,,,,,,,,,,,,,,,,,,,,,,,
x_t15,-0.393714,-0.391497,-0.388172,-0.383738,-0.380782,-0.37598,-0.370438,-0.364896,-0.359354,-0.353073,-0.347901,-0.336817,-0.330906,-0.323886,-0.316866,-0.310955,-0.304674,-0.297654,-0.292851,-0.286571,-0.280659,-0.275117,-0.262556,-0.249255,-0.244083,-0.237063,-0.230413,-0.225241,-0.219329,-0.21231,-0.20529,-0.19864,-0.193467,-0.187925,-0.183861,-0.17795,-0.172039,-0.165019,-0.159847,-0.153196,-0.148393,-0.141004,-0.133984,-0.128073,-0.119945,-0.114773,-0.111078,-0.107383,-0.104058,,,,,,,,,,,,,,,,,,,,,,,,,,,,,,,,,,,,,,,,,,,,,,,,,,,,,,,,,,,,,,,,,,,,,,,,,,,,,,,,,,,,,,,,,,,,,,,,,,,,,,,,,,,,,,,,,,,,,,,,,,,,,,,,,,,,,,,,,,,,,,,,,,,,,,,,,,,,,,,,,,,,,,,,,,,,,,,,,,,,,,,,,,,,,,,,,,,,,,,,,,,,,,,,,,,,,,,,,,,,,,,,,,,,,,,,,,,,,,,,,,,,,,,,,,,,,,,,,,,,,,,,,,,,,,,,,,,,,,,,,,,,,,,,,,,,,,,,,,,,,,,,,,,,,,,,,,,,,,,,,,,,,,,,,,,,,,,,,,,,,,,,,,,,,,,,,,,,,,,,,,,,,,,,,,,,,,,,,,,,,,,,,,,,,,,,,,,,,,,,,,,,,,,,,,,,,,,,,,,,,,,,,,,,,,,,,,,,,,,,,,,,,,,,,,,,,,,,,,,,,,,,,,,,,,,,,,,,,,,,,,,,,,,,,,,,,,,,,,,,,,,,,,,,,,,,,,,,,,,,,,,,,,,,,,,,,,,,,,,,,,,,,,,,,,,,,,,,,,,,,,,,,,,,,,,,,,,,,,,,,,,,,,,,,,,,,,,,,,,,,,,,,,,,,,,,,,,,,,,,,,,,,,,,,,,,,,,,,,,,,,,,,,,,,,,,,,,,,,,,,,,,,,,,,,,,,,,,,,,,,,,,,,,,,,,,,,,,,,,,,,,,,,,,,,,,,,,,,,,,,,,,,,,,,,,,,,,,,,,,,,,,,,,,,,,,,,,,,,,,,,,,,,,,,,,,,,,,,,,,,,,,,,,,,,,,,,,,,,,,,,,,,,,,,,,,,,,,,,,,,,,,,,,,,,,,,,,,,,,,,,,,,,,,,,,,,,,,,,,,,,,,,,,,,,,,,,,,,,,,,,,,,,,,,,,,,,,,,,,,,,,,,,,,,,,,,,,,,,,,,,,,,,,,,,,,,,,,,,,,,,,,,,,,,,,
y_t15,0.00300541999999998,0.00485270999999998,0.00706945799999997,0.00891674999999998,0.01002512,0.0111335,0.01261133,0.01261133,0.01298079,0.0137197,0.01482808,0.0181532,0.019631,0.0207394,0.0222172,0.0240645,0.0259118,0.0277591,0.028498,0.0310842,0.033301,0.0355177,0.0395818,0.042168,0.0429069,0.0447542,0.0477099,0.0491877,0.051035,0.0525128,0.0539906,0.055099,0.0573158,0.0602714,0.0621187,0.063966,0.0661828,0.0683995,0.0717246,0.0743108,0.0757887,0.077636,0.0787443,0.0798527,0.0805916,0.0805916,0.0805916,0.0805916,0.0805916,,,,,,,,,,,,,,,,,,,,,,,,,,,,,,,,,,,,,,,,,,,,,,,,,,,,,,,,,,,,,,,,,,,,,,,,,,,,,,,,,,,,,,,,,,,,,,,,,,,,,,,,,,,,,,,,,,,,,,,,,,,,,,,,,,,,,,,,,,,,,,,,,,,,,,,,,,,,,,,,,,,,,,,,,,,,,,,,,,,,,,,,,,,,,,,,,,,,,,,,,,,,,,,,,,,,,,,,,,,,,,,,,,,,,,,,,,,,,,,,,,,,,,,,,,,,,,,,,,,,,,,,,,,,,,,,,,,,,,,,,,,,,,,,,,,,,,,,,,,,,,,,,,,,,,,,,,,,,,,,,,,,,,,,,,,,,,,,,,,,,,,,,,,,,,,,,,,,,,,,,,,,,,,,,,,,,,,,,,,,,,,,,,,,,,,,,,,,,,,,,,,,,,,,,,,,,,,,,,,,,,,,,,,,,,,,,,,,,,,,,,,,,,,,,,,,,,,,,,,,,,,,,,,,,,,,,,,,,,,,,,,,,,,,,,,,,,,,,,,,,,,,,,,,,,,,,,,,,,,,,,,,,,,,,,,,,,,,,,,,,,,,,,,,,,,,,,,,,,,,,,,,,,,,,,,,,,,,,,,,,,,,,,,,,,,,,,,,,,,,,,,,,,,,,,,,,,,,,,,,,,,,,,,,,,,,,,,,,,,,,,,,,,,,,,,,,,,,,,,,,,,,,,,,,,,,,,,,,,,,,,,,,,,,,,,,,,,,,,,,,,,,,,,,,,,,,,,,,,,,,,,,,,,,,,,,,,,,,,,,,,,,,,,,,,,,,,,,,,,,,,,,,,,,,,,,,,,,,,,,,,,,,,,,,,,,,,,,,,,,,,,,,,,,,,,,,,,,,,,,,,,,,,,,,,,,,,,,,,,,,,,,,,,,,,,,,,,,,,,,,,,,,,,,,,,,,,,,,,,,,,,,,,,,,,,,,,,,,,,,,,,,,,,,,,,,,,,,,,,,,,,,,,,,,,,,,,,,,,,,,,,,,,,,,,,
x_t16,-0.392605,-0.389649,-0.387063,-0.383738,-0.379305,-0.373763,-0.365265,-0.355659,-0.346792,-0.339034,-0.327581,-0.323516,-0.317975,-0.310216,-0.305782,-0.30098,-0.295807,-0.289896,-0.284354,-0.278812,-0.274009,-0.268098,-0.256645,-0.24593,-0.240388,-0.227827,-0.216743,-0.211201,-0.206029,-0.200487,-0.196423,-0.191989,-0.1846,-0.179428,-0.174625,-0.169452,-0.163541,-0.156521,-0.152088,-0.146916,-0.139896,-0.133246,-0.128812,-0.124379,-0.120684,-0.116989,-0.114034,-0.111448,,,,,,,,,,,,,,,,,,,,,,,,,,,,,,,,,,,,,,,,,,,,,,,,,,,,,,,,,,,,,,,,,,,,,,,,,,,,,,,,,,,,,,,,,,,,,,,,,,,,,,,,,,,,,,,,,,,,,,,,,,,,,,,,,,,,,,,,,,,,,,,,,,,,,,,,,,,,,,,,,,,,,,,,,,,,,,,,,,,,,,,,,,,,,,,,,,,,,,,,,,,,,,,,,,,,,,,,,,,,,,,,,,,,,,,,,,,,,,,,,,,,,,,,,,,,,,,,,,,,,,,,,,,,,,,,,,,,,,,,,,,,,,,,,,,,,,,,,,,,,,,,,,,,,,,,,,,,,,,,,,,,,,,,,,,,,,,,,,,,,,,,,,,,,,,,,,,,,,,,,,,,,,,,,,,,,,,,,,,,,,,,,,,,,,,,,,,,,,,,,,,,,,,,,,,,,,,,,,,,,,,,,,,,,,,,,,,,,,,,,,,,,,,,,,,,,,,,,,,,,,,,,,,,,,,,,,,,,,,,,,,,,,,,,,,,,,,,,,,,,,,,,,,,,,,,,,,,,,,,,,,,,,,,,,,,,,,,,,,,,,,,,,,,,,,,,,,,,,,,,,,,,,,,,,,,,,,,,,,,,,,,,,,,,,,,,,,,,,,,,,,,,,,,,,,,,,,,,,,,,,,,,,,,,,,,,,,,,,,,,,,,,,,,,,,,,,,,,,,,,,,,,,,,,,,,,,,,,,,,,,,,,,,,,,,,,,,,,,,,,,,,,,,,,,,,,,,,,,,,,,,,,,,,,,,,,,,,,,,,,,,,,,,,,,,,,,,,,,,,,,,,,,,,,,,,,,,,,,,,,,,,,,,,,,,,,,,,,,,,,,,,,,,,,,,,,,,,,,,,,,,,,,,,,,,,,,,,,,,,,,,,,,,,,,,,,,,,,,,,,,,,,,,,,,,,,,,,,,,,,,,,,,,,,,,,,,,,,,,,,,,,,,,,,,,,,,,,,,,,,,,,,,,,,,,,,,,,,,,,,,,,,,,,,,,,
y_t16,0.00337487999999997,0.00596108399999998,0.00854728999999999,0.01002512,0.01150296,0.01187241,0.01187241,0.01482808,0.01667537,0.0185227,0.0207394,0.0218478,0.0225867,0.0233256,0.0248034,0.0266507,0.0281286,0.0303453,0.0321926,0.0344094,0.0362567,0.037365,0.0414291,0.042168,0.0432764,0.0477099,0.0517739,0.0536212,0.0558379,0.0565768,0.0576852,0.0595325,0.0635966,0.0658133,0.0672911,0.0702468,0.0720941,0.0746803,0.0757887,0.0761581,0.0772665,0.0772665,0.076897,0.0765276,0.0757887,0.0750498,0.0743108,0.0739414,,,,,,,,,,,,,,,,,,,,,,,,,,,,,,,,,,,,,,,,,,,,,,,,,,,,,,,,,,,,,,,,,,,,,,,,,,,,,,,,,,,,,,,,,,,,,,,,,,,,,,,,,,,,,,,,,,,,,,,,,,,,,,,,,,,,,,,,,,,,,,,,,,,,,,,,,,,,,,,,,,,,,,,,,,,,,,,,,,,,,,,,,,,,,,,,,,,,,,,,,,,,,,,,,,,,,,,,,,,,,,,,,,,,,,,,,,,,,,,,,,,,,,,,,,,,,,,,,,,,,,,,,,,,,,,,,,,,,,,,,,,,,,,,,,,,,,,,,,,,,,,,,,,,,,,,,,,,,,,,,,,,,,,,,,,,,,,,,,,,,,,,,,,,,,,,,,,,,,,,,,,,,,,,,,,,,,,,,,,,,,,,,,,,,,,,,,,,,,,,,,,,,,,,,,,,,,,,,,,,,,,,,,,,,,,,,,,,,,,,,,,,,,,,,,,,,,,,,,,,,,,,,,,,,,,,,,,,,,,,,,,,,,,,,,,,,,,,,,,,,,,,,,,,,,,,,,,,,,,,,,,,,,,,,,,,,,,,,,,,,,,,,,,,,,,,,,,,,,,,,,,,,,,,,,,,,,,,,,,,,,,,,,,,,,,,,,,,,,,,,,,,,,,,,,,,,,,,,,,,,,,,,,,,,,,,,,,,,,,,,,,,,,,,,,,,,,,,,,,,,,,,,,,,,,,,,,,,,,,,,,,,,,,,,,,,,,,,,,,,,,,,,,,,,,,,,,,,,,,,,,,,,,,,,,,,,,,,,,,,,,,,,,,,,,,,,,,,,,,,,,,,,,,,,,,,,,,,,,,,,,,,,,,,,,,,,,,,,,,,,,,,,,,,,,,,,,,,,,,,,,,,,,,,,,,,,,,,,,,,,,,,,,,,,,,,,,,,,,,,,,,,,,,,,,,,,,,,,,,,,,,,,,,,,,,,,,,,,,,,,,,,,,,,,,,,,,,,,,,,,,,,,,,,,,,,,,,,,,,,,,,,,,,,,,,,
x_t17,-0.391497,-0.38928,-0.386694,-0.383369,-0.378935,-0.373393,-0.367851,-0.358246,-0.349009,-0.345315,-0.340142,-0.33497,-0.329058,-0.317975,-0.305782,-0.299502,-0.294699,-0.285462,-0.280659,-0.274379,-0.270315,-0.264034,-0.257383,-0.252211,-0.245191,-0.238911,-0.23263,-0.228196,-0.217851,-0.211201,-0.210093,-0.204182,-0.195315,-0.190142,-0.183861,-0.178689,-0.172039,-0.166127,-0.159477,-0.154305,-0.148763,-0.144329,-0.138787,-0.133615,-0.126965,-0.122162,-0.118467,-0.115512,-0.112925,-0.1096,,,,,,,,,,,,,,,,,,,,,,,,,,,,,,,,,,,,,,,,,,,,,,,,,,,,,,,,,,,,,,,,,,,,,,,,,,,,,,,,,,,,,,,,,,,,,,,,,,,,,,,,,,,,,,,,,,,,,,,,,,,,,,,,,,,,,,,,,,,,,,,,,,,,,,,,,,,,,,,,,,,,,,,,,,,,,,,,,,,,,,,,,,,,,,,,,,,,,,,,,,,,,,,,,,,,,,,,,,,,,,,,,,,,,,,,,,,,,,,,,,,,,,,,,,,,,,,,,,,,,,,,,,,,,,,,,,,,,,,,,,,,,,,,,,,,,,,,,,,,,,,,,,,,,,,,,,,,,,,,,,,,,,,,,,,,,,,,,,,,,,,,,,,,,,,,,,,,,,,,,,,,,,,,,,,,,,,,,,,,,,,,,,,,,,,,,,,,,,,,,,,,,,,,,,,,,,,,,,,,,,,,,,,,,,,,,,,,,,,,,,,,,,,,,,,,,,,,,,,,,,,,,,,,,,,,,,,,,,,,,,,,,,,,,,,,,,,,,,,,,,,,,,,,,,,,,,,,,,,,,,,,,,,,,,,,,,,,,,,,,,,,,,,,,,,,,,,,,,,,,,,,,,,,,,,,,,,,,,,,,,,,,,,,,,,,,,,,,,,,,,,,,,,,,,,,,,,,,,,,,,,,,,,,,,,,,,,,,,,,,,,,,,,,,,,,,,,,,,,,,,,,,,,,,,,,,,,,,,,,,,,,,,,,,,,,,,,,,,,,,,,,,,,,,,,,,,,,,,,,,,,,,,,,,,,,,,,,,,,,,,,,,,,,,,,,,,,,,,,,,,,,,,,,,,,,,,,,,,,,,,,,,,,,,,,,,,,,,,,,,,,,,,,,,,,,,,,,,,,,,,,,,,,,,,,,,,,,,,,,,,,,,,,,,,,,,,,,,,,,,,,,,,,,,,,,,,,,,,,,,,,,,,,,,,,,,,,,,,,,,,,,,,,,,,,,,,,,,,,,,,,,,,,,,,,,,,,,,,,,,,,,,,,,,,
y_t17,0.00374432999999996,0.00669999999999987,0.00854728999999999,0.01039458,0.01224187,0.01187241,0.01224187,0.0137197,0.01630591,0.0170448,0.0181532,0.0200005,0.0211089,0.0225867,0.0259118,0.0270202,0.0277591,0.0318232,0.0340399,0.0362567,0.0381039,0.0399512,0.0417985,0.042168,0.0429069,0.0440153,0.0454931,0.0480793,0.0517739,0.0543601,0.0543601,0.0562074,0.0584241,0.0602714,0.0635966,0.0658133,0.068769,0.0709857,0.072833,0.0743108,0.0757887,0.0761581,0.076897,0.0772665,0.076897,0.076897,0.076897,0.0765276,0.076897,0.0765276,,,,,,,,,,,,,,,,,,,,,,,,,,,,,,,,,,,,,,,,,,,,,,,,,,,,,,,,,,,,,,,,,,,,,,,,,,,,,,,,,,,,,,,,,,,,,,,,,,,,,,,,,,,,,,,,,,,,,,,,,,,,,,,,,,,,,,,,,,,,,,,,,,,,,,,,,,,,,,,,,,,,,,,,,,,,,,,,,,,,,,,,,,,,,,,,,,,,,,,,,,,,,,,,,,,,,,,,,,,,,,,,,,,,,,,,,,,,,,,,,,,,,,,,,,,,,,,,,,,,,,,,,,,,,,,,,,,,,,,,,,,,,,,,,,,,,,,,,,,,,,,,,,,,,,,,,,,,,,,,,,,,,,,,,,,,,,,,,,,,,,,,,,,,,,,,,,,,,,,,,,,,,,,,,,,,,,,,,,,,,,,,,,,,,,,,,,,,,,,,,,,,,,,,,,,,,,,,,,,,,,,,,,,,,,,,,,,,,,,,,,,,,,,,,,,,,,,,,,,,,,,,,,,,,,,,,,,,,,,,,,,,,,,,,,,,,,,,,,,,,,,,,,,,,,,,,,,,,,,,,,,,,,,,,,,,,,,,,,,,,,,,,,,,,,,,,,,,,,,,,,,,,,,,,,,,,,,,,,,,,,,,,,,,,,,,,,,,,,,,,,,,,,,,,,,,,,,,,,,,,,,,,,,,,,,,,,,,,,,,,,,,,,,,,,,,,,,,,,,,,,,,,,,,,,,,,,,,,,,,,,,,,,,,,,,,,,,,,,,,,,,,,,,,,,,,,,,,,,,,,,,,,,,,,,,,,,,,,,,,,,,,,,,,,,,,,,,,,,,,,,,,,,,,,,,,,,,,,,,,,,,,,,,,,,,,,,,,,,,,,,,,,,,,,,,,,,,,,,,,,,,,,,,,,,,,,,,,,,,,,,,,,,,,,,,,,,,,,,,,,,,,,,,,,,,,,,,,,,,,,,,,,,,,,,,,,,,,,,,,,,,,,,,,,,,,,,,,,,,,,,,,,,,,,,,,,,,,,,,,,,,,,,,,,,
x_t18,-0.393578,-0.391349,-0.388382,-0.386527,-0.382449,-0.378001,-0.371332,-0.362814,-0.352809,-0.348733,-0.339099,-0.334282,-0.328724,-0.317233,-0.305375,-0.293515,-0.283876,-0.278686,-0.267934,-0.263485,-0.254591,-0.245332,-0.239773,-0.230133,-0.216419,-0.21086,-0.205671,-0.200851,-0.194921,-0.190843,-0.186392,-0.181942,-0.17527,-0.170451,-0.164149,-0.151921,-0.147475,-0.142659,-0.138212,-0.134138,-0.128955,-0.125253,-0.12155,-0.117477,-0.114514,-0.11118,,,,,,,,,,,,,,,,,,,,,,,,,,,,,,,,,,,,,,,,,,,,,,,,,,,,,,,,,,,,,,,,,,,,,,,,,,,,,,,,,,,,,,,,,,,,,,,,,,,,,,,,,,,,,,,,,,,,,,,,,,,,,,,,,,,,,,,,,,,,,,,,,,,,,,,,,,,,,,,,,,,,,,,,,,,,,,,,,,,,,,,,,,,,,,,,,,,,,,,,,,,,,,,,,,,,,,,,,,,,,,,,,,,,,,,,,,,,,,,,,,,,,,,,,,,,,,,,,,,,,,,,,,,,,,,,,,,,,,,,,,,,,,,,,,,,,,,,,,,,,,,,,,,,,,,,,,,,,,,,,,,,,,,,,,,,,,,,,,,,,,,,,,,,,,,,,,,,,,,,,,,,,,,,,,,,,,,,,,,,,,,,,,,,,,,,,,,,,,,,,,,,,,,,,,,,,,,,,,,,,,,,,,,,,,,,,,,,,,,,,,,,,,,,,,,,,,,,,,,,,,,,,,,,,,,,,,,,,,,,,,,,,,,,,,,,,,,,,,,,,,,,,,,,,,,,,,,,,,,,,,,,,,,,,,,,,,,,,,,,,,,,,,,,,,,,,,,,,,,,,,,,,,,,,,,,,,,,,,,,,,,,,,,,,,,,,,,,,,,,,,,,,,,,,,,,,,,,,,,,,,,,,,,,,,,,,,,,,,,,,,,,,,,,,,,,,,,,,,,,,,,,,,,,,,,,,,,,,,,,,,,,,,,,,,,,,,,,,,,,,,,,,,,,,,,,,,,,,,,,,,,,,,,,,,,,,,,,,,,,,,,,,,,,,,,,,,,,,,,,,,,,,,,,,,,,,,,,,,,,,,,,,,,,,,,,,,,,,,,,,,,,,,,,,,,,,,,,,,,,,,,,,,,,,,,,,,,,,,,,,,,,,,,,,,,,,,,,,,,,,,,,,,,,,,,,,,,,,,,,,,,,,,,,,,,,,,,,,,,,,,,,,,,,,,,,,,,,,,,,,,,,,,,,,,,,,,,,,,,,,,,,,,,,,,,,,,
y_t18,0.00396476000000001,0.006551853,0.00839637999999998,0.00950290999999998,0.01134469,0.01281519,0.01353946,0.01351843,0.01534558,0.01607626,0.0179043,0.0186332,0.0197306,0.0237763,0.0263396,0.0296436,0.0333235,0.0351626,0.0395805,0.0417917,0.0436216,0.0435987,0.0450665,0.0491168,0.0535273,0.0546247,0.0560934,0.0583037,0.0601409,0.0616123,0.0641939,0.0664052,0.0686109,0.0704509,0.0726575,0.0748496,0.0755793,0.0763082,0.0770379,0.0770279,0.0762743,0.0755245,0.0751449,0.0747645,0.0747572,0.0751193,,,,,,,,,,,,,,,,,,,,,,,,,,,,,,,,,,,,,,,,,,,,,,,,,,,,,,,,,,,,,,,,,,,,,,,,,,,,,,,,,,,,,,,,,,,,,,,,,,,,,,,,,,,,,,,,,,,,,,,,,,,,,,,,,,,,,,,,,,,,,,,,,,,,,,,,,,,,,,,,,,,,,,,,,,,,,,,,,,,,,,,,,,,,,,,,,,,,,,,,,,,,,,,,,,,,,,,,,,,,,,,,,,,,,,,,,,,,,,,,,,,,,,,,,,,,,,,,,,,,,,,,,,,,,,,,,,,,,,,,,,,,,,,,,,,,,,,,,,,,,,,,,,,,,,,,,,,,,,,,,,,,,,,,,,,,,,,,,,,,,,,,,,,,,,,,,,,,,,,,,,,,,,,,,,,,,,,,,,,,,,,,,,,,,,,,,,,,,,,,,,,,,,,,,,,,,,,,,,,,,,,,,,,,,,,,,,,,,,,,,,,,,,,,,,,,,,,,,,,,,,,,,,,,,,,,,,,,,,,,,,,,,,,,,,,,,,,,,,,,,,,,,,,,,,,,,,,,,,,,,,,,,,,,,,,,,,,,,,,,,,,,,,,,,,,,,,,,,,,,,,,,,,,,,,,,,,,,,,,,,,,,,,,,,,,,,,,,,,,,,,,,,,,,,,,,,,,,,,,,,,,,,,,,,,,,,,,,,,,,,,,,,,,,,,,,,,,,,,,,,,,,,,,,,,,,,,,,,,,,,,,,,,,,,,,,,,,,,,,,,,,,,,,,,,,,,,,,,,,,,,,,,,,,,,,,,,,,,,,,,,,,,,,,,,,,,,,,,,,,,,,,,,,,,,,,,,,,,,,,,,,,,,,,,,,,,,,,,,,,,,,,,,,,,,,,,,,,,,,,,,,,,,,,,,,,,,,,,,,,,,,,,,,,,,,,,,,,,,,,,,,,,,,,,,,,,,,,,,,,,,,,,,,,,,,,,,,,,,,,,,,,,,,,,,,,,,,,,,,,,,,,,,,,,,,,,,,,,,,,,,,,,,,,,,,,,,
x_t19,-0.39187,-0.390388,-0.387797,-0.384467,-0.38003,-0.369314,-0.364511,-0.360446,-0.35157,-0.34307,-0.334565,-0.324587,-0.316084,-0.306844,-0.303148,-0.296863,-0.287989,-0.283181,-0.278373,-0.269496,-0.258403,-0.247319,-0.237339,-0.226983,-0.222174,-0.215889,-0.190007,-0.211452,-0.204798,-0.200361,-0.195184,-0.18039,-0.170775,-0.159314,-0.147117,-0.141573,-0.13714,-0.132337,-0.128275,-0.125321,-0.122,-0.118677,,,,,,,,,,,,,,,,,,,,,,,,,,,,,,,,,,,,,,,,,,,,,,,,,,,,,,,,,,,,,,,,,,,,,,,,,,,,,,,,,,,,,,,,,,,,,,,,,,,,,,,,,,,,,,,,,,,,,,,,,,,,,,,,,,,,,,,,,,,,,,,,,,,,,,,,,,,,,,,,,,,,,,,,,,,,,,,,,,,,,,,,,,,,,,,,,,,,,,,,,,,,,,,,,,,,,,,,,,,,,,,,,,,,,,,,,,,,,,,,,,,,,,,,,,,,,,,,,,,,,,,,,,,,,,,,,,,,,,,,,,,,,,,,,,,,,,,,,,,,,,,,,,,,,,,,,,,,,,,,,,,,,,,,,,,,,,,,,,,,,,,,,,,,,,,,,,,,,,,,,,,,,,,,,,,,,,,,,,,,,,,,,,,,,,,,,,,,,,,,,,,,,,,,,,,,,,,,,,,,,,,,,,,,,,,,,,,,,,,,,,,,,,,,,,,,,,,,,,,,,,,,,,,,,,,,,,,,,,,,,,,,,,,,,,,,,,,,,,,,,,,,,,,,,,,,,,,,,,,,,,,,,,,,,,,,,,,,,,,,,,,,,,,,,,,,,,,,,,,,,,,,,,,,,,,,,,,,,,,,,,,,,,,,,,,,,,,,,,,,,,,,,,,,,,,,,,,,,,,,,,,,,,,,,,,,,,,,,,,,,,,,,,,,,,,,,,,,,,,,,,,,,,,,,,,,,,,,,,,,,,,,,,,,,,,,,,,,,,,,,,,,,,,,,,,,,,,,,,,,,,,,,,,,,,,,,,,,,,,,,,,,,,,,,,,,,,,,,,,,,,,,,,,,,,,,,,,,,,,,,,,,,,,,,,,,,,,,,,,,,,,,,,,,,,,,,,,,,,,,,,,,,,,,,,,,,,,,,,,,,,,,,,,,,,,,,,,,,,,,,,,,,,,,,,,,,,,,,,,,,,,,,,,,,,,,,,,,,,,,,,,,,,,,,,,,,,,,,,,,,,,,,,,,,,,,,,,,,,,,,,,,,,,,,,,,,,,,,,
y_t19,0.00507566999999998,0.00691930799999999,0.00876021999999999,0.01059931,0.01206621,0.01277873,0.0127669,0.01312635,0.0167991,0.0178865,0.0208212,0.0222745,0.0241008,0.0259254,0.0262857,0.0281175,0.0310513,0.0328868,0.0350917,0.0391339,0.0428011,0.0427738,0.0445965,0.049374,0.0515789,0.0534107,0.061475,0.0548776,0.056339,0.0578059,0.0596405,0.0658848,0.0695557,0.0728526,0.0750393,0.0757646,0.0757537,0.0753724,0.0746235,0.0738773,0.0723913,0.0716442,,,,,,,,,,,,,,,,,,,,,,,,,,,,,,,,,,,,,,,,,,,,,,,,,,,,,,,,,,,,,,,,,,,,,,,,,,,,,,,,,,,,,,,,,,,,,,,,,,,,,,,,,,,,,,,,,,,,,,,,,,,,,,,,,,,,,,,,,,,,,,,,,,,,,,,,,,,,,,,,,,,,,,,,,,,,,,,,,,,,,,,,,,,,,,,,,,,,,,,,,,,,,,,,,,,,,,,,,,,,,,,,,,,,,,,,,,,,,,,,,,,,,,,,,,,,,,,,,,,,,,,,,,,,,,,,,,,,,,,,,,,,,,,,,,,,,,,,,,,,,,,,,,,,,,,,,,,,,,,,,,,,,,,,,,,,,,,,,,,,,,,,,,,,,,,,,,,,,,,,,,,,,,,,,,,,,,,,,,,,,,,,,,,,,,,,,,,,,,,,,,,,,,,,,,,,,,,,,,,,,,,,,,,,,,,,,,,,,,,,,,,,,,,,,,,,,,,,,,,,,,,,,,,,,,,,,,,,,,,,,,,,,,,,,,,,,,,,,,,,,,,,,,,,,,,,,,,,,,,,,,,,,,,,,,,,,,,,,,,,,,,,,,,,,,,,,,,,,,,,,,,,,,,,,,,,,,,,,,,,,,,,,,,,,,,,,,,,,,,,,,,,,,,,,,,,,,,,,,,,,,,,,,,,,,,,,,,,,,,,,,,,,,,,,,,,,,,,,,,,,,,,,,,,,,,,,,,,,,,,,,,,,,,,,,,,,,,,,,,,,,,,,,,,,,,,,,,,,,,,,,,,,,,,,,,,,,,,,,,,,,,,,,,,,,,,,,,,,,,,,,,,,,,,,,,,,,,,,,,,,,,,,,,,,,,,,,,,,,,,,,,,,,,,,,,,,,,,,,,,,,,,,,,,,,,,,,,,,,,,,,,,,,,,,,,,,,,,,,,,,,,,,,,,,,,,,,,,,,,,,,,,,,,,,,,,,,,,,,,,,,,,,,,,,,,,,,,,,,,,,,,,,,,,,,,,,,,,,,,,,,,,,,,,,,,,,,,,,,
x_t20,-0.392465,-0.390609,-0.388011,-0.383933,-0.379485,-0.374669,-0.369484,-0.363927,-0.358368,-0.346882,-0.337244,-0.32687,-0.321311,-0.312416,-0.304262,-0.29722,-0.288325,-0.281281,-0.272755,-0.268679,-0.26386,-0.254964,-0.243107,-0.238661,-0.227541,-0.21716,-0.206783,-0.195662,-0.191585,-0.186395,-0.181944,-0.177496,-0.168601,-0.163413,-0.157482,-0.150444,-0.144517,-0.138591,-0.133036,-0.128594,-0.124152,-0.120821,-0.11786,,,,,,,,,,,,,,,,,,,,,,,,,,,,,,,,,,,,,,,,,,,,,,,,,,,,,,,,,,,,,,,,,,,,,,,,,,,,,,,,,,,,,,,,,,,,,,,,,,,,,,,,,,,,,,,,,,,,,,,,,,,,,,,,,,,,,,,,,,,,,,,,,,,,,,,,,,,,,,,,,,,,,,,,,,,,,,,,,,,,,,,,,,,,,,,,,,,,,,,,,,,,,,,,,,,,,,,,,,,,,,,,,,,,,,,,,,,,,,,,,,,,,,,,,,,,,,,,,,,,,,,,,,,,,,,,,,,,,,,,,,,,,,,,,,,,,,,,,,,,,,,,,,,,,,,,,,,,,,,,,,,,,,,,,,,,,,,,,,,,,,,,,,,,,,,,,,,,,,,,,,,,,,,,,,,,,,,,,,,,,,,,,,,,,,,,,,,,,,,,,,,,,,,,,,,,,,,,,,,,,,,,,,,,,,,,,,,,,,,,,,,,,,,,,,,,,,,,,,,,,,,,,,,,,,,,,,,,,,,,,,,,,,,,,,,,,,,,,,,,,,,,,,,,,,,,,,,,,,,,,,,,,,,,,,,,,,,,,,,,,,,,,,,,,,,,,,,,,,,,,,,,,,,,,,,,,,,,,,,,,,,,,,,,,,,,,,,,,,,,,,,,,,,,,,,,,,,,,,,,,,,,,,,,,,,,,,,,,,,,,,,,,,,,,,,,,,,,,,,,,,,,,,,,,,,,,,,,,,,,,,,,,,,,,,,,,,,,,,,,,,,,,,,,,,,,,,,,,,,,,,,,,,,,,,,,,,,,,,,,,,,,,,,,,,,,,,,,,,,,,,,,,,,,,,,,,,,,,,,,,,,,,,,,,,,,,,,,,,,,,,,,,,,,,,,,,,,,,,,,,,,,,,,,,,,,,,,,,,,,,,,,,,,,,,,,,,,,,,,,,,,,,,,,,,,,,,,,,,,,,,,,,,,,,,,,,,,,,,,,,,,,,,,,,,,,,,,,,,,,,,,,,,,,,,,,,,,,,,,,,,,,,,,,,,,,,,,,,
y_t20,0.00470275999999997,0.00655002399999999,0.00839546,0.01023724,0.01170774,0.01206622,0.01205342,0.01278044,0.01387783,0.01570132,0.0193812,0.0208371,0.0219345,0.0245051,0.0270776,0.028912,0.0314827,0.0340579,0.0373701,0.0381008,0.0395704,0.0425114,0.0447043,0.0454341,0.04874,0.0531588,0.0560961,0.0597724,0.0612438,0.0630828,0.0656644,0.0671349,0.0697056,0.0708039,0.0726411,0.0733644,0.0737202,0.0737055,0.0733215,0.0725697,0.0714477,0.0706987,0.0695803,,,,,,,,,,,,,,,,,,,,,,,,,,,,,,,,,,,,,,,,,,,,,,,,,,,,,,,,,,,,,,,,,,,,,,,,,,,,,,,,,,,,,,,,,,,,,,,,,,,,,,,,,,,,,,,,,,,,,,,,,,,,,,,,,,,,,,,,,,,,,,,,,,,,,,,,,,,,,,,,,,,,,,,,,,,,,,,,,,,,,,,,,,,,,,,,,,,,,,,,,,,,,,,,,,,,,,,,,,,,,,,,,,,,,,,,,,,,,,,,,,,,,,,,,,,,,,,,,,,,,,,,,,,,,,,,,,,,,,,,,,,,,,,,,,,,,,,,,,,,,,,,,,,,,,,,,,,,,,,,,,,,,,,,,,,,,,,,,,,,,,,,,,,,,,,,,,,,,,,,,,,,,,,,,,,,,,,,,,,,,,,,,,,,,,,,,,,,,,,,,,,,,,,,,,,,,,,,,,,,,,,,,,,,,,,,,,,,,,,,,,,,,,,,,,,,,,,,,,,,,,,,,,,,,,,,,,,,,,,,,,,,,,,,,,,,,,,,,,,,,,,,,,,,,,,,,,,,,,,,,,,,,,,,,,,,,,,,,,,,,,,,,,,,,,,,,,,,,,,,,,,,,,,,,,,,,,,,,,,,,,,,,,,,,,,,,,,,,,,,,,,,,,,,,,,,,,,,,,,,,,,,,,,,,,,,,,,,,,,,,,,,,,,,,,,,,,,,,,,,,,,,,,,,,,,,,,,,,,,,,,,,,,,,,,,,,,,,,,,,,,,,,,,,,,,,,,,,,,,,,,,,,,,,,,,,,,,,,,,,,,,,,,,,,,,,,,,,,,,,,,,,,,,,,,,,,,,,,,,,,,,,,,,,,,,,,,,,,,,,,,,,,,,,,,,,,,,,,,,,,,,,,,,,,,,,,,,,,,,,,,,,,,,,,,,,,,,,,,,,,,,,,,,,,,,,,,,,,,,,,,,,,,,,,,,,,,,,,,,,,,,,,,,,,,,,,,,,,,,,,,,,,,,,,,,,,,,,,,,,,,,,,,,,,,,,,,,,,
x_bottom,0.2992,0.2976,0.296,0.2944,0.2928,0.2912,0.2896,0.288,0.2864,0.2848,0.2832,0.2816,0.28,0.2784,0.2768,0.2752,0.2736,0.272,0.2704,0.2688,0.2672,0.2656,0.264,0.2624,0.2608,0.2592,0.2576,0.256,0.2544,0.2528,0.2512,0.2496,0.248,0.2464,0.2448,0.2432,0.2416,0.24,0.2384,0.2368,0.2352,0.2336,0.232,0.2304,0.2288,0.2272,0.2256,0.224,0.2224,0.2208,0.2192,0.2176,0.216,0.2144,0.2128,0.2112,0.2096,0.208,0.2064,0.2048,0.2032,0.2016,0.2,0.1984,0.1968,0.1952,0.1936,0.192,0.1904,0.1888,0.1872,0.1856,0.184,0.1824,0.1808,0.1792,0.1776,0.176,0.1744,0.1728,0.1712,0.1696,0.168,0.1664,0.1648,0.1632,0.1616,0.16,0.1584,0.1568,0.1552,0.1536,0.152,0.1504,0.1488,0.1472,0.1456,0.144,0.1424,0.1408,0.1392,0.1376,0.136,0.1344,0.1328,0.1312,0.1296,0.128,0.1264,0.1248,0.1232,0.1216,0.12,0.1184,0.1168,0.1152,0.1136,0.112,0.1104,0.1088,0.1072,0.1056,0.104,0.1024,0.1008,0.0992,0.0976,0.096,0.0944,0.09280001,0.09120001,0.0896,0.088,0.0864,0.0848,0.08320001,0.0816,0.08,0.0784,0.0768,0.07520001,0.07360001,0.072,0.0704,0.0688,0.06720001,0.06560001,0.064,0.0624,0.0608,0.05920001,0.05760001,0.05600001,0.0544,0.0528,0.05120001,0.04959999,0.048,0.0464,0.0448,0.0432,0.04160001,0.04000001,0.03840001,0.03680002,0.03520002,0.03360002,0.03199999,0.0304,0.0288,0.0272,0.0256,0.02400001,0.02240001,0.02080001,0.01920002,0.01760002,0.01600002,0.01439999,0.0128,0.0112,0.009600001,0.008000004,0.006400007,0.00480001,0.003200012,0.001600015,1.788139e-08,-0.001599979,-0.003200006,-0.004800004,-0.006400001,-0.007999999,-0.009599996,-0.01119999,-0.01279999,-0.01439999,-0.01599998,-0.01759998,-0.01919998,-0.02080001,-0.0224,-0.024,-0.0256,-0.02719999,-0.02879999,-0.03039999,-0.03199999,-0.03359998,-0.03519998,-0.03679998,-0.03840001,-0.04,-0.0416,-0.0432,-0.04479999,-0.04639999,-0.04799999,-0.04959999,-0.05119998,-0.05279998,-0.05439998,-0.05599998,-0.0576,-0.0592,-0.0608,-0.06239999,-0.064,-0.06559999,-0.06719999,-0.06879999,-0.07039998,-0.07199998,-0.07359998,-0.07520001,-0.0768,-0.0784,-0.08,-0.0816,-0.08319999,-0.08479999,-0.08639999,-0.08799998,-0.08959998,-0.09119998,-0.09280001,-0.0944,-0.096,-0.0976,-0.0992,-0.1008,-0.1024,-0.104,-0.1056,-0.1072,-0.1088,-0.1104,-0.112,-0.1136,-0.1152,-0.1168,-0.1184,-0.12,-0.1216,-0.1232,-0.1248,-0.1264,-0.128,-0.1296,-0.1312,-0.1328,-0.1344,-0.136,-0.1376,-0.1392,-0.1408,-0.1424,-0.144,-0.1456,-0.1472,-0.1488,-0.1504,-0.152,-0.1536,-0.1552,-0.1568,-0.1584,-0.16,-0.1616,-0.1632,-0.1648,-0.1664,-0.168,-0.1696,-0.1712,-0.1728,-0.1744,-0.176,-0.1776,-0.1792,-0.1808,-0.1824,-0.184,-0.1856,-0.1872,-0.1888,-0.1904,-0.192,-0.1936,-0.1952,-0.1968,-0.1984,-0.2,-0.2016,-0.2032,-0.2048,-0.2064,-0.208,-0.2096,-0.2112,-0.2128,-0.2144,-0.216,-0.2176,-0.2192,-0.2208,-0.2224,-0.224,-0.2256,-0.2272,-0.2288,-0.2304,-0.232,-0.2336,-0.2352,-0.2368,-0.2384,-0.24,-0.2416,-0.2432,-0.2448,-0.2464,-0.248,-0.2496,-0.2512,-0.2528,-0.2544,-0.256,-0.2575999,-0.2592,-0.2607999,-0.2624,-0.264,-0.2656,-0.2672,-0.2688,-0.2704,-0.272,-0.2736,-0.2751999,-0.2768,-0.2783999,-0.28,-0.2816,-0.2832,-0.2848,-0.2864,-0.288,-0.2896,-0.2912,-0.2927999,-0.2944,-0.2959999,-0.2976,-0.2992,-0.3008,-0.3024,-0.304,-0.3056,-0.3072,-0.3088,-0.3103999,-0.312,-0.3135999,-0.3152,-0.3168,-0.3184,-0.32,-0.3216,-0.3232,-0.3248,-0.3264,-0.3279999,-0.3296,-0.3311999,-0.3328,-0.3344,-0.336,-0.3376,-0.3392,-0.3408,-0.3424,-0.344,-0.3455999,-0.3472,-0.3487999,-0.3504,-0.352,-0.3536,-0.3552,-0.3568,-0.3584,-0.36,-0.3616,-0.3631999,-0.3648,-0.3663999,-0.368,-0.3696,-0.3712,-0.3728,-0.3744,-0.376,-0.3776,-0.3792,-0.3807999,-0.3824,-0.3839999,-0.3856,-0.3872,-0.3888,-0.3904,-0.392,-0.3936,-0.3952,-0.3968,-0.3983999,-0.4,-0.4015999,-0.4032,-0.4048,-0.4064,-0.408,-0.4096,-0.4112,-0.4128,-0.4144,-0.4159999,-0.4176,-0.4191999,-0.4208,-0.4224,-0.424,-0.4256,-0.4272,-0.4288,-0.4304,-0.432,-0.4335999,-0.4352,-0.4367999,-0.4384,-0.44,-0.4416,-0.4432,-0.4448,-0.4464,-0.448,-0.4496,-0.4511999,-0.4528,-0.4543999,-0.456,-0.4576,-0.4592,-0.4608,-0.4624,-0.464,-0.4656,-0.4672,-0.4687999,-0.4704,-0.4719999,-0.4736,-0.4752,-0.4768,-0.4784,-0.48,-0.4816,-0.4832,-0.4848,-0.4863999,-0.488,-0.4895999,-0.4912,-0.4928,-0.4944,-0.496,-0.4976,-0.4992,-0.5008,-0.5024,-0.5039999,-0.5056,-0.5071999,-0.5088,-0.5104,-0.512,-0.5136,-0.5152,-0.5168,-0.5184,-0.52,-0.5215999,-0.5232,-0.5247999,-0.5264,-0.5279999,-0.5296,-0.5312,-0.5328,-0.5344,-0.536,-0.5376,-0.5391999,-0.5408,-0.5423999,-0.544,-0.5455999,-0.5472,-0.5488,-0.5504,-0.552,-0.5536,-0.5552,-0.5567999,-0.5584,-0.5599999,-0.5616,-0.5631999,-0.5648,-0.5664,-0.568,-0.5696,-0.5712,-0.5728,-0.5743999,-0.576,-0.5775999,-0.5792,-0.5807999,-0.5824,-0.584,-0.5856,-0.5872,-0.5888,-0.5904,-0.5919999,-0.5936,-0.5951999,-0.5968,-0.5983999,-0.6,-0.6016,-0.6032,-0.6048,-0.6064,-0.608,-0.6095999,-0.6112,-0.6127999,-0.6144,-0.6159999,-0.6176,-0.6192,-0.6208,-0.6224,-0.624,-0.6256,-0.6271999,-0.6288,-0.6303999,-0.632,-0.6335999,-0.6352,-0.6368,-0.6384,-0.64,-0.6416,-0.6432,-0.6447999,-0.6464,-0.6479999,-0.6496,-0.6511999,-0.6528,-0.6544,-0.656,-0.6576,-0.6592,-0.6608,-0.6623999,-0.664,-0.6655999,-0.6672,-0.6687999,-0.6704,-0.672,-0.6736,-0.6752,-0.6768,-0.6784,-0.6799999,-0.6816,-0.6831999,-0.6848,-0.6863999,-0.688,-0.6896,-0.6912,-0.6928,-0.6944,-0.696,-0.6975999,-0.6992,-0.7008,-0.7023999,-0.7039999,-0.7056,-0.7072,-0.7088,-0.7103999,-0.712,-0.7136,-0.7152,-0.7167999,-0.7183999,-0.72,-0.7216,-0.7231999,-0.7247999,-0.7264,-0.728,-0.7296,-0.7311999,-0.7327999,-0.7344,-0.736,-0.7375999,-0.7391999,-0.7408,-0.7424,-0.744,-0.7455999,-0.7472,-0.7488,-0.7504,-0.7519999,-0.7535999,-0.7552,-0.7568,-0.7583999,-0.7599999,-0.7616,-0.7632,-0.7648,-0.7663999,-0.7679999,-0.7696,-0.7712,-0.7727999,-0.7743999,-0.776,-0.7776,-0.7792,-0.7807999,-0.7824,-0.784,-0.7856,-0.7871999,-0.7887999,-0.7904,-0.792,-0.7935999,-0.7951999,-0.7968,-0.7984,-0.8,-0.8015999,-0.8031999,-0.8048,-0.8064,-0.8079999,-0.8095999,-0.8112,-0.8128,-0.8144,-0.8159999,-0.8176,-0.8192,-0.8208,-0.8223999,-0.8239999,-0.8256,-0.8272,-0.8287999,-0.8303999,-0.832,-0.8336,-0.8352,-0.8367999,-0.8383999,-0.84,-0.8416,-0.8431999,-0.8447999,-0.8464,-0.848,-0.8496,-0.8511999,-0.8528,-0.8544,-0.856,-0.8575999,-0.8591999,-0.8608,-0.8624,-0.8639999,-0.8655999,-0.8672,-0.8688,-0.8704,-0.8719999,-0.8735999,-0.8752,-0.8768,-0.8783999,-0.8799999,-0.8816,-0.8832,-0.8848,-0.8863999,-0.888,-0.8896,-0.8912,-0.8927999,-0.8943999,-0.896,-0.8976,-0.8991999,-0.9007999,-0.9024,-0.904,-0.9056,-0.9071999,-0.9087999,-0.9104,-0.912,-0.9135999,-0.9151999,-0.9168,-0.9184,-0.92,-0.9215999,-0.9232,-0.9248,-0.9264,-0.9279999,-0.9295999,-0.9312,-0.9328,-0.9343999,-0.9359999,-0.9376,-0.9392,-0.9408,-0.9423999,-0.9439999,-0.9456,-0.9472,-0.9487999,-0.9503999,-0.952,-0.9536,-0.9551999,-0.9567999,-0.9584,-0.96,-0.9616,-0.9631999,-0.9647999,-0.9664,-0.968,-0.9695999,-0.9711999,-0.9728,-0.9744,-0.976,-0.9775999,-0.9791999,-0.9808,-0.9824,-0.9839999,-0.9855999,-0.9872,-0.9888,-0.9903999,-0.9919999,-0.9936,-0.9952,-0.9968,-0.9983999,-0.9999999,-1.0016,-1.0032,-1.0048,-1.0064,-1.008,-1.0096,-1.0112,-1.0128,-1.0144,-1.016,-1.0176,-1.0192,-1.0208,-1.0224,-1.024,-1.0256,-1.0272,-1.0288,-1.0304,-1.032,-1.0336,-1.0352,-1.0368,-1.0384,-1.04,-1.0416,-1.0432,-1.0448,-1.0464,-1.048,-1.0496,-1.0512,-1.0528,-1.0544,-1.056,-1.0576,-1.0592,-1.0608,-1.0624,-1.064,-1.0656,-1.0672,-1.0688,-1.0704,-1.072,-1.0736,-1.0752,-1.0768,-1.0784,-1.08,-1.0816,-1.0832,-1.0848,-1.0864,-1.088,-1.0896,-1.0912,-1.0928,-1.0944,-1.096,-1.0976,-1.0992,-1.1008,-1.1024,-1.104,-1.1056,-1.1072,-1.1088,-1.1104,-1.112,-1.1136,-1.1152,-1.1168,-1.1184,-1.12,-1.1216,-1.1232,-1.1248,-1.1264,-1.128,-1.1296,-1.1312,-1.1328,-1.1344,-1.136,-1.1376,-1.1392,-1.1408,-1.1424,-1.144,-1.1456,-1.1472,-1.1488,-1.1504,-1.152,-1.1536,-1.1552,-1.1568,-1.1584,-1.16,-1.1616,-1.1632,-1.1648,-1.1664,-1.168,-1.1696,-1.1712,-1.1728,-1.1744,-1.176,-1.1776,-1.1792,-1.1808,-1.1824,-1.184,-1.1856,-1.1872,-1.1888,-1.1904,-1.192,-1.1936,-1.1952,-1.1968,-1.1984,-1.2,-1.2016,-1.2032,-1.2048,-1.2064,-1.208,-1.2096,-1.2112,-1.2128,-1.2144,-1.216,-1.2176,-1.2192,-1.2208,-1.2224,-1.224,-1.2256,-1.2272,-1.2288,-1.2304,-1.232,-1.2336,-1.2352,-1.2368,-1.2384,-1.24,-1.2416,-1.2432,-1.2448,-1.2464,-1.248,-1.2496,-1.2512,-1.2528,-1.2544,-1.256,-1.2576,-1.2592,-1.2608,-1.2624,-1.264,-1.2656,-1.2672,-1.2688,-1.2704,-1.272,-1.2736,-1.2752,-1.2768,-1.2784,-1.28,-1.2816,-1.2832,-1.2848,-1.2864,-1.288,-1.2896,-1.2912,-1.2928,-1.2944,-1.296,-1.2976,-1.2992
y_bottom,0.364000002098084,0.362900057983399,0.361799994659424,0.360700050544739,0.359599987220764,0.358500043106079,0.357299963188171,0.356200019073486,0.355099955749512,0.354000011634827,0.352800050926209,0.351699987602234,0.350600043487549,0.349499980163574,0.348400036048889,0.347199956130982,0.346100012016296,0.344999948692322,0.343900004577637,0.342799941253662,0.341599980545044,0.340500036430359,0.339399973106384,0.338300028991699,0.337199965667725,0.336000004959107,0.334899941635132,0.333799997520447,0.332700053405762,0.331599990081787,0.330400029373169,0.329299966049194,0.328200021934509,0.327099958610535,0.32600001449585,0.324800053787232,0.323699990463257,0.322600046348572,0.321499983024597,0.320400038909912,0.319199958992004,0.318100014877319,0.316999951553345,0.31590000743866,0.314700046730042,0.313599983406067,0.312500039291382,0.311399975967407,0.310300031852722,0.309099951934815,0.308000007820129,0.306899944496155,0.30580000038147,0.304700056266785,0.303499976348877,0.302400032234192,0.301299968910217,0.300200024795532,0.299099961471558,0.298000017356873,0.296800056648254,0.29569999332428,0.294600049209595,0.29349998588562,0.292400041770935,0.291199961853027,0.290100017738342,0.288999954414368,0.287900010299683,0.286700049591065,0.28559998626709,0.284500042152405,0.28339997882843,0.282300034713745,0.281099954795837,0.280000010681152,0.278899947357178,0.277800003242493,0.276700059127808,0.2754999792099,0.274400035095215,0.27329997177124,0.272200027656555,0.271099964332581,0.269900003623962,0.268800059509277,0.267699996185303,0.266600052070618,0.265499988746643,0.264300028038025,0.26319996471405,0.262100020599365,0.260999957275391,0.259900013160706,0.258700052452087,0.257599989128113,0.256500045013428,0.255399981689453,0.254300037574768,0.25309995765686,0.252000013542175,0.250899950218201,0.249800006103516,0.248600045394898,0.247499982070923,0.246400037956238,0.245299974632263,0.244200030517578,0.242999950599671,0.241900006484985,0.240799943161011,0.239699999046326,0.238600054931641,0.237499991607666,0.236300030899048,0.235199967575073,0.234100023460388,0.232999960136414,0.231900016021729,0.23070005531311,0.229599991989136,0.228500047874451,0.227399984550476,0.226200023841858,0.225099960517883,0.224000016403198,0.222899953079224,0.221800008964539,0.220600048255921,0.219499984931946,0.218400040817261,0.217299977493286,0.216200033378601,0.214999953460693,0.213900009346008,0.212799946022034,0.211700001907349,0.210600057792664,0.209399977874756,0.208300033760071,0.207199970436096,0.206100026321411,0.204999962997437,0.203800002288818,0.202700058174133,0.201599994850159,0.200500050735474,0.199399987411499,0.198200026702881,0.197099963378906,0.196000019264221,0.194899955940247,0.193800011825562,0.192600051116943,0.191499987792969,0.190400043678284,0.189299980354309,0.188200036239624,0.186999956321716,0.185900012207031,0.184799948883057,0.183700004768372,0.182500044059754,0.181399980735779,0.180300036621094,0.179199973297119,0.178100029182434,0.17699996585846,0.175800005149841,0.174699941825867,0.173599997711182,0.172500053596497,0.171399990272522,0.170200029563904,0.169099966239929,0.168000022125244,0.16689995880127,0.165699998092651,0.164600053977966,0.163499990653992,0.162400046539307,0.161299983215332,0.160100022506714,0.158999959182739,0.157900015068054,0.15679995174408,0.155700007629395,0.15459994430542,0.153399983596802,0.152300039482117,0.151199976158142,0.150100032043457,0.148899952125549,0.147800008010864,0.14669994468689,0.145600000572205,0.14450005645752,0.143299976539612,0.142200032424927,0.141099969100952,0.140000024986267,0.138899961662293,0.137700000953674,0.136600056838989,0.135499993515015,0.13440004940033,0.133299986076355,0.132100025367737,0.130999962043762,0.129900017929077,0.128799954605103,0.127700010490418,0.126500049781799,0.125399986457825,0.12430004234314,0.123199979019165,0.12210003490448,0.120899954986572,0.119800010871887,0.118699947547913,0.117600003433228,0.116500059318543,0.115299979400635,0.11420003528595,0.113099971961975,0.11200002784729,0.110899964523316,0.109700003814697,0.108599940490723,0.107499996376038,0.106400052261353,0.105199972343445,0.10410002822876,0.102999964904785,0.1019000207901,0.100799957466126,0.0995999967575074,0.0985000526428224,0.0973999893188477,0.0963000452041627,0.0951999818801881,0.094100037765503,0.0928999578475953,0.0918000137329102,0.0906999504089356,0.0896000062942506,0.088499942970276,0.0872999822616578,0.0862000381469727,0.0850999748229981,0.0840000307083131,0.0827999507904054,0.0817000066757203,0.0805999433517457,0.0794999992370606,0.0784000551223756,0.0771999752044679,0.0761000310897828,0.0749999677658082,0.0739000236511231,0.0727999603271485,0.0715999996185304,0.0705000555038453,0.0693999921798707,0.0683000480651856,0.067199984741211,0.0660000240325929,0.0648999607086183,0.0638000165939332,0.0626999532699586,0.0616000091552735,0.0604000484466554,0.0592999851226808,0.0582000410079957,0.0570999776840211,0.056000033569336,0.0547999536514283,0.0537000095367433,0.0525999462127686,0.0515000020980836,0.0504000579833985,0.0491999780654908,0.0481000339508058,0.0469999706268311,0.0459000265121461,0.0446999465942384,0.0436000024795533,0.0425000583648683,0.0413999950408936,0.0403000509262086,0.0390999710083009,0.0380000268936158,0.0368999635696412,0.0358000194549561,0.0346999561309815,0.0336000120162965,0.032599965286255,0.0315000211715699,0.0304999744415284,0.0295000469207765,0.028500000190735,0.0274999534606934,0.0266000425338746,0.0255999958038331,0.0246999656677247,0.0238000547409059,0.0229000246047975,0.0219999944686891,0.0211999809265138,0.0203999673843385,0.0195000564575196,0.0187000429153443,0.0180000459671021,0.0172000324249268,0.0164000188827516,0.0157000219345094,0.0150000249862672,0.014300028038025,0.0136000310897828,0.0130000507354737,0.0123000537872315,0.0116999542236329,0.0110999738693238,0.0104999935150147,0.00990001316070566,0.00940004940032968,0.00889996643066415,0.00829998607635507,0.00780002231597909,0.00739995594024667,0.0068999921798707,0.00650004501342782,0.0059999620437623,0.00560001487731943,0.005199948501587,0.00490001792907724,0.00449995155334482,0.00420002098083505,0.00379995460510263,0.00350002403259286,0.00329999084472665,0.00299994106292734,0.00280002708435068,0.00249997730255136,0.00229994411468515,0.00210003013610849,0.00189999694824228,0.00179998035430917,0.00169996376037607,0.00150004978179941,0.0014000331878663,0.0013000165939332,0.0013000165939332,0.00120000000000009,0.00120000000000009,0.00120000000000009,0.00120000000000009,0.00120000000000009,0.00120000000000009,0.00120000000000009,0.00120000000000009,0.00120000000000009,0.00120000000000009,0.00120000000000009,0.00120000000000009,0.00120000000000009,0.00120000000000009,0.00120000000000009,0.00120000000000009,0.00120000000000009,0.00120000000000009,0.00120000000000009,0.00120000000000009,0.00120000000000009,0.00120000000000009,0.00120000000000009,0.00120000000000009,0.00120000000000009,0.00120000000000009,0.00120000000000009,0.00120000000000009,0.00120000000000009,0.00120000000000009,0.00120000000000009,0.00120000000000009,0.00120000000000009,0.00120000000000009,0.00120000000000009,0.00120000000000009,0.00120000000000009,0.00120000000000009,0.00120000000000009,0.00120000000000009,0.00120000000000009,0.00120000000000009,0.00120000000000009,0.00120000000000009,0.00120000000000009,0.00120000000000009,0.00120000000000009,0.00120000000000009,0.00120000000000009,0.00120000000000009,0.00120000000000009,0.00120000000000009,0.00120000000000009,0.00120000000000009,0.00120000000000009,0.00120000000000009,0.00120000000000009,0.00120000000000009,0.00120000000000009,0.00120000000000009,0.00120000000000009,0.00120000000000009,0.00120000000000009,0.00120000000000009,0.00120000000000009,0.00120000000000009,0.00120000000000009,0.00120000000000009,0.00120000000000009,0.00120000000000009,0.00120000000000009,0.00120000000000009,0.00120000000000009,0.00120000000000009,0.00120000000000009,0.00120000000000009,0.00120000000000009,0.00120000000000009,0.00120000000000009,0.00120000000000009,0.00120000000000009,0.00120000000000009,0.00120000000000009,0.00120000000000009,0.00120000000000009,0.00120000000000009,0.00120000000000009,0.00120000000000009,0.00120000000000009,0.00120000000000009,0.00120000000000009,0.00120000000000009,0.00120000000000009,0.00120000000000009,0.00120000000000009,0.00120000000000009,0.00120000000000009,0.00120000000000009,0.00120000000000009,0.00120000000000009,0.00120000000000009,0.00120000000000009,0.00120000000000009,0.00120000000000009,0.00120000000000009,0.00120000000000009,0.00120000000000009,0.00120000000000009,0.00120000000000009,0.00120000000000009,0.00120000000000009,0.00120000000000009,0.00120000000000009,0.00120000000000009,0.00120000000000009,0.00120000000000009,0.00120000000000009,0.00120000000000009,0.00120000000000009,0.00120000000000009,0.00120000000000009,0.00120000000000009,0.00120000000000009,0.00120000000000009,0.00120000000000009,0.00120000000000009,0.00120000000000009,0.00120000000000009,0.00120000000000009,0.00120000000000009,0.00120000000000009,0.00120000000000009,0.00120000000000009,0.00120000000000009,0.00120000000000009,0.00120000000000009,0.00120000000000009,0.00120000000000009,0.00120000000000009,0.00120000000000009,0.00120000000000009,0.00120000000000009,0.00120000000000009,0.00120000000000009,0.00120000000000009,0.00120000000000009,0.00120000000000009,0.00120000000000009,0.00120000000000009,0.00120000000000009,0.00120000000000009,0.00120000000000009,0.00120000000000009,0.00120000000000009,0.00120000000000009,0.00120000000000009,0.00120000000000009,0.00120000000000009,0.00120000000000009,0.00120000000000009,0.00120000000000009,0.00120000000000009,0.00120000000000009,0.00120000000000009,0.00120000000000009,0.00120000000000009,0.00120000000000009,0.00120000000000009,0.00120000000000009,0.00120000000000009,0.00120000000000009,0.00120000000000009,0.00120000000000009,0.00120000000000009,0.00120000000000009,0.00120000000000009,0.00120000000000009,0.00120000000000009,0.00120000000000009,0.00120000000000009,0.00120000000000009,0.00120000000000009,0.00120000000000009,0.00120000000000009,0.00120000000000009,0.00120000000000009,0.00120000000000009,0.00120000000000009,0.00120000000000009,0.00120000000000009,0.00120000000000009,0.00120000000000009,0.00120000000000009,0.00120000000000009,0.00120000000000009,0.00120000000000009,0.00120000000000009,0.00120000000000009,0.00120000000000009,0.00120000000000009,0.00120000000000009,0.00120000000000009,0.00120000000000009,0.00120000000000009,0.00120000000000009,0.00120000000000009,0.00120000000000009,0.00120000000000009,0.00120000000000009,0.00120000000000009,0.00120000000000009,0.00120000000000009,0.00120000000000009,0.00120000000000009,0.00120000000000009,0.00120000000000009,0.00120000000000009,0.00120000000000009,0.00120000000000009,0.00120000000000009,0.00120000000000009,0.00120000000000009,0.00120000000000009,0.00120000000000009,0.00120000000000009,0.00120000000000009,0.00120000000000009,0.00120000000000009,0.00120000000000009,0.00120000000000009,0.00120000000000009,0.00120000000000009,0.00120000000000009,0.00120000000000009,0.00120000000000009,0.00120000000000009,0.00120000000000009,0.00120000000000009,0.00120000000000009,0.00120000000000009,0.00120000000000009,0.00120000000000009,0.00120000000000009,0.00120000000000009,0.00120000000000009,0.00120000000000009,0.00120000000000009,0.00120000000000009,0.00120000000000009,0.00120000000000009,0.00120000000000009,0.00120000000000009,0.00120000000000009,0.00120000000000009,0.00120000000000009,0.00120000000000009,0.00120000000000009,0.00120000000000009,0.00120000000000009,0.00120000000000009,0.00120000000000009,0.00120000000000009,0.00120000000000009,0.00120000000000009,0.00120000000000009,0.00120000000000009,0.00120000000000009,0.00120000000000009,0.00120000000000009,0.00120000000000009,0.00120000000000009,0.00120000000000009,0.00120000000000009,0.00120000000000009,0.00120000000000009,0.00120000000000009,0.00120000000000009,0.00120000000000009,0.00120000000000009,0.00120000000000009,0.00120000000000009,0.00120000000000009,0.00120000000000009,0.00120000000000009,0.00120000000000009,0.00120000000000009,0.00120000000000009,0.00120000000000009,0.00120000000000009,0.00120000000000009,0.00120000000000009,0.00120000000000009,0.00120000000000009,0.00120000000000009,0.00120000000000009,0.00120000000000009,0.00120000000000009,0.00120000000000009,0.00120000000000009,0.00120000000000009,0.00120000000000009,0.00120000000000009,0.00120000000000009,0.00120000000000009,0.00120000000000009,0.00120000000000009,0.00120000000000009,0.00120000000000009,0.00120000000000009,0.00120000000000009,0.00120000000000009,0.00120000000000009,0.00120000000000009,0.00120000000000009,0.00120000000000009,0.00120000000000009,0.00120000000000009,0.00120000000000009,0.00120000000000009,0.00120000000000009,0.00120000000000009,0.00120000000000009,0.00120000000000009,0.00120000000000009,0.00120000000000009,0.00120000000000009,0.00120000000000009,0.00120000000000009,0.00120000000000009,0.00120000000000009,0.00120000000000009,0.00120000000000009,0.00120000000000009,0.00120000000000009,0.00120000000000009,0.00120000000000009,0.00120000000000009,0.00120000000000009,0.00120000000000009,0.00120000000000009,0.00120000000000009,0.00120000000000009,0.00120000000000009,0.00120000000000009,0.00120000000000009,0.00120000000000009,0.00120000000000009,0.00120000000000009,0.00120000000000009,0.00120000000000009,0.00120000000000009,0.00120000000000009,0.00120000000000009,0.00120000000000009,0.00120000000000009,0.00120000000000009,0.00120000000000009,0.00120000000000009,0.00120000000000009,0.00120000000000009,0.00120000000000009,0.00120000000000009,0.00120000000000009,0.00120000000000009,0.00120000000000009,0.00120000000000009,0.00120000000000009,0.00120000000000009,0.00120000000000009,0.00120000000000009,0.00120000000000009,0.00120000000000009,0.00120000000000009,0.00120000000000009,0.00120000000000009,0.00120000000000009,0.00120000000000009,0.00120000000000009,0.00120000000000009,0.00120000000000009,0.00120000000000009,0.00120000000000009,0.00120000000000009,0.00120000000000009,0.00120000000000009,0.00120000000000009,0.00120000000000009,0.00120000000000009,0.00120000000000009,0.00120000000000009,0.00120000000000009,0.00120000000000009,0.00120000000000009,0.00120000000000009,0.00120000000000009,0.00120000000000009,0.00120000000000009,0.00120000000000009,0.00120000000000009,0.00120000000000009,0.00120000000000009,0.00120000000000009,0.00120000000000009,0.00120000000000009,0.00120000000000009,0.00120000000000009,0.00120000000000009,0.00120000000000009,0.00120000000000009,0.00120000000000009,0.00120000000000009,0.00120000000000009,0.00120000000000009,0.00120000000000009,0.00120000000000009,0.00120000000000009,0.00120000000000009,0.00120000000000009,0.00120000000000009,0.00120000000000009,0.00120000000000009,0.00120000000000009,0.00120000000000009,0.00120000000000009,0.00120000000000009,0.00120000000000009,0.00120000000000009,0.00120000000000009,0.00120000000000009,0.00120000000000009,0.00120000000000009,0.00120000000000009,0.00120000000000009,0.00120000000000009,0.00120000000000009,0.00120000000000009,0.00120000000000009,0.00120000000000009,0.00120000000000009,0.00120000000000009,0.00120000000000009,0.00120000000000009,0.00120000000000009,0.00120000000000009,0.00120000000000009,0.00120000000000009,0.00120000000000009,0.00120000000000009,0.00120000000000009,0.00120000000000009,0.00120000000000009,0.00120000000000009,0.00120000000000009,0.00120000000000009,0.00120000000000009,0.00120000000000009,0.00120000000000009,0.00120000000000009,0.00120000000000009,0.00120000000000009,0.00120000000000009,0.00120000000000009,0.00120000000000009,0.00120000000000009,0.00120000000000009,0.00120000000000009,0.00120000000000009,0.00120000000000009,0.00120000000000009,0.00120000000000009,0.00120000000000009,0.00120000000000009,0.00120000000000009,0.00120000000000009,0.00120000000000009,0.00120000000000009,0.00120000000000009,0.00120000000000009,0.00120000000000009,0.00120000000000009,0.00120000000000009,0.00120000000000009,0.00120000000000009,0.00120000000000009,0.00120000000000009,0.00120000000000009,0.00120000000000009,0.00120000000000009,0.00120000000000009,0.00120000000000009,0.00120000000000009,0.00120000000000009,0.00120000000000009,0.00120000000000009,0.00120000000000009,0.00120000000000009,0.00120000000000009,0.00120000000000009,0.00120000000000009,0.00120000000000009,0.00120000000000009,0.00120000000000009,0.00120000000000009,0.00120000000000009,0.00120000000000009,0.00120000000000009,0.00120000000000009,0.00120000000000009,0.00120000000000009,0.00120000000000009,0.00120000000000009,0.00120000000000009,0.00120000000000009,0.00120000000000009,0.00120000000000009,0.00120000000000009,0.00120000000000009,0.00120000000000009,0.00120000000000009,0.00120000000000009,0.00120000000000009,0.00120000000000009,0.00120000000000009,0.00120000000000009,0.00120000000000009,0.00120000000000009,0.00120000000000009,0.00120000000000009,0.00120000000000009,0.00120000000000009,0.00120000000000009,0.00120000000000009,0.00120000000000009,0.00120000000000009,0.00120000000000009,0.00120000000000009,0.00120000000000009,0.00120000000000009,0.00120000000000009,0.00120000000000009,0.00120000000000009,0.00120000000000009,0.00120000000000009,0.00120000000000009,0.00120000000000009,0.00120000000000009,0.00120000000000009,0.00120000000000009,0.00120000000000009,0.00120000000000009,0.00120000000000009,0.00120000000000009,0.00120000000000009,0.00120000000000009,0.00120000000000009,0.00120000000000009,0.00120000000000009,0.00120000000000009,0.00120000000000009,0.00120000000000009,0.00120000000000009,0.00120000000000009,0.00120000000000009,0.00120000000000009,0.00120000000000009,0.00120000000000009,0.00120000000000009,0.00120000000000009,0.00120000000000009,0.00120000000000009,0.00120000000000009,0.00120000000000009,0.00120000000000009,0.00120000000000009,0.00120000000000009,0.00120000000000009,0.00120000000000009,0.00120000000000009,0.00120000000000009,0.00120000000000009,0.00120000000000009,0.00120000000000009,0.00120000000000009,0.00120000000000009,0.00120000000000009,0.00120000000000009,0.00120000000000009,0.00120000000000009,0.00120000000000009,0.00120000000000009,0.00120000000000009,0.00120000000000009,0.00120000000000009,0.00120000000000009,0.00120000000000009,0.00120000000000009,0.00120000000000009,0.00120000000000009,0.00120000000000009,0.00120000000000009,0.00120000000000009,0.00120000000000009,0.00120000000000009,0.00120000000000009,0.00120000000000009,0.00120000000000009,0.00120000000000009,0.00120000000000009,0.00120000000000009,0.00120000000000009,0.00120000000000009,0.00120000000000009,0.00120000000000009,0.00120000000000009,0.00120000000000009,0.00120000000000009,0.00120000000000009,0.00120000000000009,0.00120000000000009,0.00120000000000009,0.00120000000000009,0.00120000000000009,0.00120000000000009,0.00120000000000009,0.00120000000000009,0.00120000000000009,0.00120000000000009,0.00120000000000009,0.00120000000000009,0.00120000000000009,0.00120000000000009,0.00120000000000009,0.00120000000000009,0.00120000000000009,0.00120000000000009,0.00120000000000009,0.00120000000000009,0.00120000000000009,0.00120000000000009,0.00120000000000009,0.00120000000000009,0.00120000000000009,0.00120000000000009,0.00120000000000009,0.00120000000000009,0.00120000000000009,0.00120000000000009
