La,Bo,dgaminf,beta,E,sd,Pe,R_d,Ca_d,t_d
2400,0.16,0.55,0.3,0.5,0.02,100,0.112132,0.105714,0.76561
2400,0.16,0.55,0.1,0.5,0.02,100,0.0537692,0.294914,0.516551
2400,0.16,0.55,0.2,0.5,0.02,100,0.0939021,0.155888,0.660141
2400,0.16,0.55,0.35,0.5,0.02,100,0.115925,0.0893568,0.808527
2400,0.16,0.55,0.15,0.5,0.02,100,0.0777561,0.203614,0.592851
2400,0.16,0.55,0.25,0.5,0.02,100,0.104856,0.12661,0.716979
2400,0.17,0.55,0.3,0.5,0.02,100,0.115011,0.0996038,0.777693
2400,0.17,0.55,0.1,0.5,0.02,100,0.0543938,0.286671,0.516813
2400,0.17,0.55,0.2,0.5,0.02,100,0.095171,0.150104,0.664614
2400,0.17,0.55,0.35,0.5,0.02,100,0.119439,0.0829635,0.824824
2400,0.17,0.55,0.15,0.5,0.02,100,0.0784473,0.197315,0.594782
2400,0.17,0.55,0.25,0.5,0.02,100,0.107472,0.119639,0.726795
2400,0.16,0.6,0.3,0.5,0.02,100,0.125517,0.0937149,0.830108
2400,0.16,0.6,0.1,0.5,0.02,100,0.0546898,0.291117,0.525538
2400,0.16,0.6,0.2,0.5,0.02,100,0.0984517,0.14764,0.68951
2400,0.16,0.6,0.35,0.5,0.02,100,0.13416,0.0788119,0.886651
2400,0.16,0.6,0.15,0.5,0.02,100,0.0799546,0.197185,0.610759
2400,0.16,0.6,0.25,0.5,0.02,100,0.113029,0.11645,0.761565
2400,0.16,0.55,0.3,0.5,0.02,100,0.1098,0.104576,0.765984
2400,0.16,0.55,0.1,0.5,0.02,100,0.0525846,0.296616,0.515349
2400,0.16,0.55,0.2,0.5,0.02,100,0.0920764,0.155436,0.659353
2400,0.16,0.55,0.35,0.5,0.02,100,0.113428,0.0866593,0.813367
2400,0.16,0.55,0.15,0.5,0.02,100,0.0763431,0.202899,0.592569
2400,0.16,0.55,0.25,0.5,0.02,100,0.102678,0.126121,0.715969
2400,0.16,0.55,0.3,0.5,0.02,100,0.10946,0.106313,0.760988
2400,0.16,0.55,0.1,0.5,0.02,100,0.0526897,0.297705,0.514789
2400,0.16,0.55,0.2,0.5,0.02,100,0.0920261,0.15707,0.65668
2400,0.16,0.55,0.35,0.5,0.02,100,0.113217,0.0886794,0.806822
2400,0.16,0.55,0.15,0.5,0.02,100,0.0762127,0.205158,0.590263
2400,0.16,0.55,0.25,0.5,0.02,100,0.10253,0.127759,0.712295
2400,0.16,0.55,0.3,0.5,0.01,100,0.110766,0.105074,0.765406
2400,0.16,0.55,0.1,0.5,0.01,100,0.0532484,0.295004,0.516257
2400,0.16,0.55,0.2,0.5,0.01,100,0.092949,0.155586,0.659489
2400,0.16,0.55,0.35,0.5,0.01,100,0.114475,0.0879929,0.810406
2400,0.16,0.55,0.15,0.5,0.01,100,0.0768884,0.203462,0.592193
2400,0.16,0.55,0.25,0.5,0.01,100,0.103627,0.126257,0.71614
2400,0.16,0.55,0.3,1,0.02,100,0.134186,0.0849523,0.843648
2400,0.16,0.55,0.3,0.5,0.02,100,0.111246,0.104651,0.766876
2400,0.16,0.55,0.3,0,0.02,100,0.0891005,0.127306,0.702346
2400,0.16,0.55,0.1,1,0.02,100,0.0582599,0.271991,0.527601
2400,0.16,0.55,0.1,0.5,0.02,100,0.0533108,0.294678,0.51637
2400,0.16,0.55,0.1,0,0.02,100,0.0490584,0.317429,0.507543
2400,0.16,0.55,0.2,1,0.02,100,0.107676,0.133331,0.704693
2400,0.16,0.55,0.2,0.5,0.02,100,0.0930419,0.155323,0.659897
2400,0.16,0.55,0.2,0,0.02,100,0.0794231,0.181204,0.621406
2400,0.16,0.55,0.35,1,0.02,100,0.139204,0.0706869,0.894512
2400,0.16,0.55,0.35,0.5,0.02,100,0.115057,0.0875984,0.81218
2400,0.16,0.55,0.35,0,0.02,100,0.0912065,0.0985708,0.759717
2400,0.16,0.55,0.15,1,0.02,100,0.0866155,0.180501,0.619328
2400,0.16,0.55,0.15,0.5,0.02,100,0.0770146,0.203141,0.592482
2400,0.16,0.55,0.15,0,0.02,100,0.0683549,0.22809,0.570158
2400,0.16,0.55,0.25,1,0.02,100,0.123359,0.104648,0.779852
2400,0.16,0.55,0.25,0.5,0.02,100,0.103977,0.125795,0.717273
2400,0.16,0.55,0.25,0,0.02,100,0.0856818,0.151258,0.663487
2700,0.16,0.55,0.3,1,0.02,100,0.124311,0.0912898,0.79946
2700,0.16,0.55,0.3,0.5,0.02,100,0.101038,0.111651,0.727028
2700,0.16,0.55,0.3,0,0.02,100,0.0795541,0.13138,0.674569
2700,0.16,0.55,0.1,1,0.02,100,0.0554833,0.274211,0.51625
2700,0.16,0.55,0.1,0.5,0.02,100,0.0504942,0.297584,0.505665
2700,0.16,0.55,0.1,0,0.02,100,0.0461719,0.321256,0.497233
2700,0.16,0.55,0.2,1,0.02,100,0.101615,0.137908,0.678135
2700,0.16,0.55,0.2,0.5,0.02,100,0.0871142,0.16032,0.63609
2700,0.16,0.55,0.2,0,0.02,100,0.0734724,0.186854,0.600105
2700,0.16,0.55,0.35,1,0.02,100,0.127053,0.0776684,0.840995
2700,0.16,0.55,0.35,0.5,0.02,100,0.102731,0.0937559,0.767942
2700,0.16,0.55,0.15,1,0.02,100,0.082385,0.183874,0.600967
2700,0.16,0.55,0.15,0.5,0.02,100,0.0727879,0.206992,0.57561
2700,0.16,0.55,0.15,0,0.02,100,0.0640778,0.232898,0.554381
2700,0.16,0.55,0.25,1,0.02,100,0.115476,0.110169,0.744725
2700,0.16,0.55,0.25,0.5,0.02,100,0.095936,0.132039,0.685323
2700,0.16,0.55,0.25,0,0.02,100,0.0778363,0.157429,0.636966
2000,0.16,0.55,0.3,1,0.02,100,0.151411,0.0717066,0.927308
2000,0.16,0.55,0.3,0.5,0.02,100,0.128846,0.0905432,0.842672
2000,0.16,0.55,0.3,0,0.02,100,0.106161,0.113481,0.765556
2000,0.16,0.55,0.1,1,0.02,100,0.0634673,0.263595,0.549402
2000,0.16,0.55,0.1,0.5,0.02,100,0.0584513,0.28572,0.536729
2000,0.16,0.55,0.1,0,0.02,100,0.054345,0.306667,0.527189
2000,0.16,0.55,0.2,1,0.02,100,0.118306,0.122999,0.754304
2000,0.16,0.55,0.2,0.5,0.02,100,0.103807,0.143825,0.705646
2000,0.16,0.55,0.2,0,0.02,100,0.090092,0.168372,0.662783
2000,0.16,0.55,0.35,1,0.02,100,0.160322,0.0562901,0.997623
2000,0.16,0.55,0.35,0.5,0.02,100,0.136632,0.0731565,0.902993
2000,0.16,0.55,0.35,0,0.02,100,0.110898,0.09264,0.81636
2000,0.16,0.55,0.15,1,0.02,100,0.0943647,0.171536,0.654343
2000,0.16,0.55,0.15,0.5,0.02,100,0.0847501,0.193004,0.625079
2000,0.16,0.55,0.15,0,0.02,100,0.0760046,0.216774,0.600071
2000,0.16,0.55,0.25,1,0.02,100,0.136991,0.0931077,0.844751
2000,0.16,0.55,0.25,0.5,0.02,100,0.117864,0.113178,0.776757
2000,0.16,0.55,0.25,0,0.02,100,0.0993569,0.137547,0.715841
67000,0.13,0.52,0,0.5,0.02,20,0.160222,0.040495,0.630287
67000,0.13,0.52,0.05,0.5,0.02,20,0.0452893,0.0976282,0.445816
67000,0.13,0.52,0.3,0.5,0.02,20,0.0670003,0.053933,0.549406
67000,0.13,0.52,0.1,0.5,0.02,20,0.0470654,0.0884333,0.460963
67000,0.13,0.52,0.35,0.5,0.02,20,0.0622114,0.0562338,0.546407
67000,0.13,0.52,0.15,0.5,0.02,20,0.0544715,0.0723897,0.490981
67000,0.13,0.52,0.25,0.5,0.02,20,0.0669131,0.0556848,0.540469
75000,0.13,0.52,0,0.5,0.02,20,0.160444,0.0371723,0.633384
75000,0.13,0.52,0.05,0.5,0.02,20,0.045852,0.0924509,0.444268
75000,0.13,0.52,0.3,0.5,0.02,20,0.0701942,0.0486422,0.557458
75000,0.13,0.52,0.1,0.5,0.02,20,0.0482079,0.0822967,0.462224
75000,0.13,0.52,0.2,0.5,0.02,20,0.063832,0.0563582,0.524305
75000,0.13,0.52,0.35,0.5,0.02,20,0.0653346,0.0504958,0.553863
75000,0.13,0.52,0.15,0.5,0.02,20,0.0557149,0.0667396,0.493831
75000,0.13,0.52,0.25,0.5,0.02,20,0.069417,0.0506089,0.547047
83000,0.13,0.52,0.05,0.5,0.02,20,0.0459994,0.0879272,0.443249
83000,0.13,0.52,0.3,0.5,0.02,20,0.072948,0.0444113,0.564897
83000,0.13,0.52,0.1,0.5,0.02,20,0.0488221,0.0770629,0.46345
83000,0.13,0.52,0.2,0.5,0.02,20,0.0650383,0.0522562,0.528481
83000,0.13,0.52,0.35,0.5,0.02,20,0.0679101,0.0459412,0.560752
83000,0.13,0.52,0.15,0.5,0.02,20,0.0564737,0.0581361,0.499451
83000,0.13,0.52,0.25,0.5,0.02,20,0.0712435,0.0464845,0.552953