,id,bubble_lifetime,bubble_radius,d1_radius,d1_velocity,t_d1,ndrops,solution,delta_gamma_infinity,beta,delta_gamma_infinity_tanh,beta_tanh,surface_tension,clean_surface_tension,bo,la,lad1,ca,t_d1_over_tcap
0,250320_131646,9.075,0.0007612272213620142,5.342456418390436e-05,4.150892656240383,0.0013,7.0,0gly_0tx,0.58,0.0001041007526674,0.52,0.0001040573217684,0.0721081,0.072,0.07956636267874968,57431.55506055505,4030.6700987705494,0.05653785248425425,0.5231858003217127
1,250320_131855,0.8,0.0006620564518014933,0.0001387549069447,1.5124305083135965,0.0025,1.0,0gly_0tx,0.58,0.0001041007526674,0.52,0.0001040573217684,0.0721081,0.072,0.06018536919683564,49949.51638329647,10468.503824467129,0.020600285300841525,1.2404564932666322
2,250320_132001,12.5,0.0009568738949098395,0.0001470955740007,2.569518856752822,0.0024,3.0,0gly_0tx,0.58,0.0001041007526674,0.52,0.0001040573217684,0.0721081,0.072,0.12572171526377954,72192.31556537778,11097.773858204684,0.034998514803845034,0.6853513038798186
3,250320_132135,12.925,0.0009568738949098395,0.0001398285212146,2.587148780373657,0.0021999999999999,3.0,0gly_0tx,0.58,0.0001041007526674,0.52,0.0001040573217684,0.0721081,0.072,0.12572171526377954,72192.31556537778,10549.503735302209,0.03523864580783159,0.6282386952231385
4,250320_132248,14.6,0.0009568738949098395,0.0001485696012462,2.582647231529366,0.0024,5.0,0gly_0tx,0.58,0.0001041007526674,0.52,0.0001040573217684,0.0721081,0.072,0.12572171526377954,72192.31556537778,11208.98332961484,0.03517733179044149,0.6853513038798186
5,250320_132406,11.9,0.0008920645596464901,0.0001294843425934,2.687161554580904,0.0020999999999999,4.0,0gly_0tx,0.58,0.0001041007526674,0.52,0.0001040573217684,0.0721081,0.072,0.10926811633662323,67302.7099362526,9769.076751915156,0.03660088471472539,0.6662065945456027
6,250320_132509,10.575,0.0009568738949098395,0.000144575925461,2.586068401757112,0.0024,3.0,0gly_0tx,0.58,0.0001041007526674,0.52,0.0001040573217684,0.0721081,0.072,0.12572171526377954,72192.31556537778,10907.676434229077,0.035223930349758376,0.6853513038798186
7,250320_132609,13.925,0.0009891249855084,0.0001505409022188,2.517323411783572,0.0025,3.0,0gly_0tx,0.58,0.0001041007526674,0.52,0.0001040573217684,0.0721081,0.072,0.13433934590623497,74625.53160586579,11357.710118636172,0.0342875789612655,0.6792776282053682
8,250320_132724,12.1,0.0009891249855084,0.0001495156401042,2.6316867796621777,0.0024,4.0,0gly_0tx,0.58,0.0001041007526674,0.52,0.0001040573217684,0.0721081,0.072,0.13433934590623497,74625.53160586579,11280.358184898443,0.03584528226949305,0.6521065230771534
9,250320_132838,14.575,0.0009568738949098395,0.0001483393498855,2.6367667431015,0.0023,3.0,0gly_0tx,0.58,0.0001041007526674,0.52,0.0001040573217684,0.0721081,0.072,0.12572171526377954,72192.31556537778,11191.611783605033,0.035914474669138954,0.6567949995514929
10,250320_132953,11.875,0.0009891249855084,0.0001514746297641,2.634177654139594,0.0024,3.0,0gly_0tx,0.58,0.0001041007526674,0.52,0.0001040573217684,0.0721081,0.072,0.13433934590623497,74625.53160586579,11428.15613452287,0.035879209596799196,0.6521065230771534
11,250320_133111,13.35,0.0009891249855084,0.0001516719542003,2.58491805781366,0.0024,3.0,0gly_0tx,0.58,0.0001041007526674,0.52,0.0001040573217684,0.0721081,0.072,0.13433934590623497,74625.53160586579,11443.04347552223,0.03520826191851545,0.6521065230771534
12,250320_133238,12.65,0.0009568738949098395,0.0001473857608561,2.62520865714221,0.0024,4.0,0gly_0tx,0.58,0.0001041007526674,0.52,0.0001040573217684,0.0721081,0.072,0.12572171526377954,72192.31556537778,11119.667298029308,0.0357570460355692,0.6853513038798186
13,250320_133351,12.25,0.0009891249855084,0.0001481375863705,2.655901188359484,0.0023,3.0,0gly_0tx,0.58,0.0001041007526674,0.52,0.0001040573217684,0.0721081,0.072,0.13433934590623497,74625.53160586579,11176.38953183085,0.036175098234467136,0.6249354179489387
14,250320_133511,12.35,0.0009568738949098395,0.0001470665238229,2.6671929089209345,0.0023,4.0,0gly_0tx,0.58,0.0001041007526674,0.52,0.0001040573217684,0.0721081,0.072,0.12572171526377954,72192.31556537778,11095.582138256921,0.036328898798410156,0.6567949995514929
15,250320_152251,8.125,0.001021273591913001,9.63346818124526e-05,1.875611097043236,0.0027,1.0,0gly_10tx,0.58,0.4192306002828689,0.52,0.313479381311596,0.0488841,0.072,0.14321387269196448,77051.01562303273,7268.067178225329,0.025547040674019226,0.6992535379627278
16,250320_152422,10.775,0.0009891249855084,9.32699284590473e-05,1.7632712877491603,0.0027,1.0,0gly_10tx,0.58,0.4192306002828689,0.52,0.313479381311596,0.0488841,0.072,0.13433934590623497,74625.53160586579,7036.843772094126,0.02401689954728374,0.7336198384617977
17,250320_152531,6.775,0.0009891249855084,9.990544901349572e-05,1.7305801245667471,0.0028,1.0,0gly_10tx,0.58,0.4192306002828689,0.52,0.313479381311596,0.0488841,0.072,0.13433934590623497,74625.53160586579,7537.467309172046,0.023571624683630672,0.7607909435900123
18,250320_152626,5.5,0.0009891249855084,8.832896536965172e-05,1.6986669654505495,0.0028,1.0,0gly_10tx,0.58,0.4192306002828689,0.52,0.313479381311596,0.0488841,0.072,0.13433934590623497,74625.53160586579,6664.067831143056,0.023136946740392232,0.7607909435900123
19,250320_152727,6.925,0.001021273591913001,9.386357414372526e-05,1.8805269561217504,0.0027,1.0,0gly_10tx,0.58,0.4192306002828689,0.52,0.313479381311596,0.0488841,0.072,0.14321387269196448,77051.01562303273,7081.6319691912295,0.025613997865744382,0.6992535379627278
20,250320_152836,7.4,0.0009891249855084,9.917573242129608e-05,1.7440017758414188,0.0028,1.0,0gly_10tx,0.58,0.4192306002828689,0.52,0.313479381311596,0.0488841,0.072,0.13433934590623497,74625.53160586579,7482.413105292515,0.02375443628650883,0.7607909435900123
21,250320_152951,7.925,0.0009891249855084,9.17457319630329e-05,1.7363812844198685,0.0027,1.0,0gly_10tx,0.58,0.4192306002828689,0.52,0.313479381311596,0.0488841,0.072,0.13433934590623497,74625.53160586579,6921.84923100647,0.023650640246589222,0.7336198384617977
22,250320_153119,7.55,0.001021273591913001,0.000103683124255,1.6732884599382811,0.0029,1.0,0gly_10tx,0.58,0.4192306002828689,0.52,0.313479381311596,0.0488841,0.072,0.14321387269196448,77051.01562303273,7822.4778258022325,0.02279127502113774,0.7510500963303371
23,250320_153230,5.925,0.0009891249855084,9.826683680165952e-05,1.794631378162434,0.0026999999999999,1.0,0gly_10tx,0.58,0.4192306002828689,0.52,0.313479381311596,0.0488841,0.072,0.13433934590623497,74625.53160586579,7413.840559068986,0.024444044335769896,0.7336198384617705
24,250320_153336,2.525,0.0009891249855084,9.887369555415134e-05,1.7960136652661796,0.0027,1.0,0gly_10tx,0.58,0.4192306002828689,0.52,0.313479381311596,0.0488841,0.072,0.13433934590623497,74625.53160586579,7459.625629386564,0.024462871983419364,0.7336198384617977
25,250320_153429,7.325,0.0009891249855084,0.0001023141731822,1.7147943194856203,0.0026999999999999,1.0,0gly_10tx,0.58,0.4192306002828689,0.52,0.313479381311596,0.0488841,0.072,0.13433934590623497,74625.53160586579,7719.195932162055,0.023356611771244182,0.7336198384617705
26,250320_153607,6.35,0.0009891249855084,0.0001039711906445,1.6874639794004485,0.0027,1.0,0gly_10tx,0.58,0.4192306002828689,0.52,0.313479381311596,0.0488841,0.072,0.13433934590623497,74625.53160586579,7844.211284939523,0.02298435479809482,0.7336198384617977
27,250320_153720,7.725,0.001021273591913001,0.0001038478314665,1.683871632963419,0.0028,1.0,0gly_10tx,0.58,0.4192306002828689,0.52,0.313479381311596,0.0488841,0.072,0.14321387269196448,77051.01562303273,7834.904327404747,0.022935424707690347,0.7251518171465325
28,250320_153826,0.95,0.0009891249855084,0.0001145680081148,1.5394110950200717,0.0028,3.0,0gly_10tx,0.58,0.4192306002828689,0.52,0.313479381311596,0.0488841,0.072,0.13433934590623497,74625.53160586579,8643.69886096613,0.02096777840593448,0.7607909435900123
29,250320_153947,7.05,0.0009891249855084,9.817983648641689e-05,1.799145420627864,0.0027,1.0,0gly_10tx,0.58,0.4192306002828689,0.52,0.313479381311596,0.0488841,0.072,0.13433934590623497,74625.53160586579,7407.276732586004,0.024505528524390016,0.7336198384617977
30,250320_134618,1.625,0.001021273591913001,7.441410411632942e-05,3.0084201288877286,0.0021,6.0,0gly_1tx,0.58,0.1546787064672686,0.52,0.1309419212872249,0.0614343,0.072,0.14321387269196448,77051.01562303273,5614.247097196768,0.04097663503825031,0.5438638628598993
31,250320_134718,1.65,0.0009891249855084,7.118608377038336e-05,3.1441026894049235,0.002,7.0,0gly_1tx,0.58,0.1546787064672686,0.52,0.1309419212872249,0.0614343,0.072,0.13433934590623497,74625.53160586579,5370.705848234222,0.04282471958933459,0.5434221025642946
32,250320_134822,1.65,0.001021273591913001,6.818160251274136e-05,3.2252324566876425,0.002,6.0,0gly_1tx,0.58,0.1546787064672686,0.52,0.1309419212872249,0.0614343,0.072,0.14321387269196448,77051.01562303273,5144.0297311243585,0.0439297596842203,0.5179655836760947
33,250320_134920,1.575,0.001021273591913001,7.34896694195889e-05,3.121985531534872,0.002,6.0,0gly_1tx,0.58,0.1546787064672686,0.52,0.1309419212872249,0.0614343,0.072,0.14321387269196448,77051.01562303273,5544.502189637172,0.042523469542035,0.5179655836760947
34,250320_135020,1.65,0.0009891249855084,7.458616007807724e-05,3.0102461487700807,0.0019999999999999,6.0,0gly_1tx,0.58,0.1546787064672686,0.52,0.1309419212872249,0.0614343,0.072,0.13433934590623497,74625.53160586579,5627.228032669538,0.04100150661438864,0.5434221025642674
35,250320_135119,1.625,0.0009891249855084,6.979192584936364e-05,3.221092367997488,0.002,7.0,0gly_1tx,0.58,0.1546787064672686,0.52,0.1309419212872249,0.0614343,0.072,0.13433934590623497,74625.53160586579,5265.522198520683,0.04387336898876741,0.5434221025642946
36,250320_135222,1.625,0.0009891249855084,7.04014738928471e-05,3.244689560578973,0.0018999999999999,7.0,0gly_1tx,0.58,0.1546787064672686,0.52,0.1309419212872249,0.0614343,0.072,0.13433934590623497,74625.53160586579,5311.510165108028,0.04419477806958496,0.5162509974360526
37,250320_135313,1.525,0.0009891249855084,6.717144885418212e-05,3.3246973207906616,0.0019,6.0,0gly_1tx,0.58,0.1546787064672686,0.52,0.1309419212872249,0.0614343,0.072,0.13433934590623497,74625.53160586579,5067.8176700825,0.04528453569982469,0.5162509974360798
38,250320_135418,1.725,0.0009891249855084,7.190274026482321e-05,3.310843517719153,0.002,5.0,0gly_1tx,0.58,0.1546787064672686,0.52,0.1309419212872249,0.0614343,0.072,0.13433934590623497,74625.53160586579,5424.77471987321,0.04509583790894703,0.5434221025642946
39,250320_135524,1.525,0.0009891249855084,6.855657290675165e-05,3.217763988363948,0.002,6.0,0gly_1tx,0.58,0.1546787064672686,0.52,0.1309419212872249,0.0614343,0.072,0.13433934590623497,74625.53160586579,5172.319750484345,0.04382803429757761,0.5434221025642946
40,250320_135617,1.75,0.0009891249855084,7.088533851441326e-05,3.255095319656712,0.002,7.0,0gly_1tx,0.58,0.1546787064672686,0.52,0.1309419212872249,0.0614343,0.072,0.13433934590623497,74625.53160586579,5348.015819235334,0.04433651126300769,0.5434221025642946
41,250320_135721,1.35,0.0009891249855084,6.86188687605018e-05,3.292593385029295,0.0019,5.0,0gly_1tx,0.58,0.1546787064672686,0.52,0.1309419212872249,0.0614343,0.072,0.13433934590623497,74625.53160586579,5177.019723967025,0.0448472592548385,0.5162509974360798
42,250320_135823,1.525,0.0009891249855084,7.24355797164665e-05,3.072713429390985,0.002,4.0,0gly_1tx,0.58,0.1546787064672686,0.52,0.1309419212872249,0.0614343,0.072,0.13433934590623497,74625.53160586579,5464.975329424106,0.04185235152639272,0.5434221025642946
43,250320_135918,1.65,0.0009891249855084,7.267114319913673e-05,3.1372048584169767,0.002,5.0,0gly_1tx,0.58,0.1546787064672686,0.52,0.1309419212872249,0.0614343,0.072,0.13433934590623497,74625.53160586579,5482.747653830774,0.04273076665362773,0.5434221025642946
44,250320_140009,1.45,0.0009891249855084,7.319838936164771e-05,3.019349690076913,0.002,5.0,0gly_1tx,0.58,0.1546787064672686,0.52,0.1309419212872249,0.0614343,0.072,0.13433934590623497,74625.53160586579,5522.526272044842,0.04112550275645129,0.5434221025642946
45,250320_155118,12.45,0.0008920645596464901,8.085343442269583e-05,1.988368600494957,0.0024,2.0,0gly_20tx,0.58,0.6459758538637912,0.52,0.4387371750604169,0.0439029,0.072,0.10926811633662323,67302.7099362526,6100.068863241192,0.027082871066323403,0.7613789651950107
46,250320_155237,10.85,0.0009568738949098395,9.704173483580112e-05,1.66579382644716,0.0028,2.0,0gly_20tx,0.58,0.6459758538637912,0.52,0.4387371750604169,0.0439029,0.072,0.12572171526377954,72192.31556537778,7321.411506307182,0.022689193247929864,0.7995765211931217
47,250320_155351,0.9,0.0009568738949098395,9.409090209630094e-05,1.806147381372997,0.0025,1.0,0gly_20tx,0.58,0.6459758538637912,0.52,0.4387371750604169,0.0439029,0.072,0.12572171526377954,72192.31556537778,7098.7829557281975,0.02460089977498444,0.7139076082081445
48,250320_155453,12.35,0.0009568738949098395,8.676722516712299e-05,1.901972525009956,0.0026,2.0,0gly_20tx,0.58,0.6459758538637912,0.52,0.4387371750604169,0.0439029,0.072,0.12572171526377954,72192.31556537778,6546.240767271997,0.025906100435156634,0.7424639125364701
49,250320_155600,18.825,0.0008595068038161723,7.843935301617078e-05,2.090152188864659,0.0023,3.0,0gly_20tx,0.58,0.6459758538637912,0.52,0.4387371750604169,0.0439029,0.072,0.10143773012833225,64846.35722822488,5917.936058043503,0.028469229611614338,0.7715035327204703
50,250320_155730,13.85,0.0009568738949098395,8.416761478197535e-05,1.9796664682517728,0.0027,2.0,0gly_20tx,0.58,0.6459758538637912,0.52,0.4387371750604169,0.0439029,0.072,0.12572171526377954,72192.31556537778,6350.110541262126,0.02696434237627791,0.771020216864796
51,250320_155842,12.8,0.0009568738949098395,8.592600608613525e-05,1.941786025905701,0.0027,2.0,0gly_20tx,0.58,0.6459758538637912,0.52,0.4387371750604169,0.0439029,0.072,0.12572171526377954,72192.31556537778,6482.774145727257,0.026448386161852383,0.771020216864796
52,250320_155958,10.825,0.0009568738949098395,8.755157761706911e-05,1.922712626654071,0.0026999999999999,2.0,0gly_20tx,0.58,0.6459758538637912,0.52,0.4387371750604169,0.0439029,0.072,0.12572171526377954,72192.31556537778,6605.417028514157,0.026188594082758088,0.7710202168647674
53,250320_160114,12.025,0.0009568738949098395,8.818372718090614e-05,1.8861646025324688,0.0027,2.0,0gly_20tx,0.58,0.6459758538637912,0.52,0.4387371750604169,0.0439029,0.072,0.12572171526377954,72192.31556537778,6653.110189587736,0.025690786269474453,0.771020216864796
54,250320_160232,11.975,0.0009568738949098395,8.602539999569304e-05,1.9769044889598104,0.0026,2.0,0gly_20tx,0.58,0.6459758538637912,0.52,0.4387371750604169,0.0439029,0.072,0.12572171526377954,72192.31556537778,6490.273019426543,0.026926722425412938,0.7424639125364701
55,250320_160354,11.55,0.0009568738949098395,8.919542827865686e-05,1.8601468937787804,0.0027,2.0,0gly_20tx,0.58,0.6459758538637912,0.52,0.4387371750604169,0.0439029,0.072,0.12572171526377954,72192.31556537778,6729.4389987392715,0.025336408187140072,0.771020216864796
56,250320_160505,12.6,0.0009568738949098395,8.900360993130647e-05,1.8584451462193867,0.0027,1.0,0gly_20tx,0.58,0.6459758538637912,0.52,0.4387371750604169,0.0439029,0.072,0.12572171526377954,72192.31556537778,6714.967070163508,0.025313229280710444,0.771020216864796
57,250320_160618,13.9,0.0008920645596464901,7.989655534129923e-05,2.1058503897522574,0.0024,2.0,0gly_20tx,0.58,0.6459758538637912,0.52,0.4387371750604169,0.0439029,0.072,0.10926811633662323,67302.7099362526,6027.876156376091,0.028683049298017675,0.7613789651950107
58,250320_160736,21.6,0.0008920645596464901,7.566676310629829e-05,2.157831840219689,0.0023,2.0,0gly_20tx,0.58,0.6459758538637912,0.52,0.4387371750604169,0.0439029,0.072,0.10926811633662323,67302.7099362526,5708.755217421074,0.02939107039657028,0.7296548416452185
59,250320_160900,13.3,0.0008920645596464901,8.200779234617846e-05,1.9934260493936204,0.0024999999999999,2.0,0gly_20tx,0.58,0.6459758538637912,0.52,0.4387371750604169,0.0439029,0.072,0.10926811633662323,67302.7099362526,6187.160560413371,0.027151756803310462,0.7931030887447711
60,250320_141140,1.25,0.0009568738949098395,7.475782005214711e-05,2.6182098740509896,0.0021,5.0,0gly_2tx,0.58,0.2040342710555728,0.52,0.1710183875866494,0.0587159,0.072,0.12572171526377954,72192.31556537778,5640.179092452775,0.0356617180666838,0.5996823908948413
61,250320_141247,1.7,0.001148846596816221,0.000114044693107,1.9555824406561024,0.0029,4.0,0gly_2tx,0.58,0.2040342710555728,0.52,0.1710183875866494,0.0587159,0.072,0.18122786277485783,86675.88957621391,8604.21683268198,0.026636302286543567,0.6294902330408091
62,250320_141404,1.35,0.0009891249855084,8.632289506227348e-05,2.606047230330101,0.0021999999999999,5.0,0gly_2tx,0.58,0.2040342710555728,0.52,0.1710183875866494,0.0587159,0.072,0.13433934590623497,74625.53160586579,6512.717834610618,0.03549605496395905,0.5977643128206969
63,250320_141503,1.35,0.0009891249855084,7.805711929625605e-05,2.64293714296091,0.0021,6.0,0gly_2tx,0.58,0.2040342710555728,0.52,0.1710183875866494,0.0587159,0.072,0.13433934590623497,74625.53160586579,5889.098049738957,0.03599851952067124,0.5705932076925092
64,250320_141623,1.4,0.0009891249855084,8.64712587839967e-05,2.573953013584522,0.0021999999999999,5.0,0gly_2tx,0.58,0.2040342710555728,0.52,0.1710183875866494,0.0587159,0.072,0.13433934590623497,74625.53160586579,6523.911285152089,0.03505891089827687,0.5977643128206969
65,250320_141723,0.55,0.0009891249855084,7.9252217763156e-05,2.5702387162902025,0.0022,8.0,0gly_2tx,0.58,0.2040342710555728,0.52,0.1710183875866494,0.0587159,0.072,0.13433934590623497,74625.53160586579,5979.263458277216,0.03500831975803305,0.5977643128207241
66,250320_141826,1.325,0.0009891249855084,8.457275606307698e-05,2.6210403286778754,0.0022,5.0,0gly_2tx,0.58,0.2040342710555728,0.52,0.1710183875866494,0.0587159,0.072,0.13433934590623497,74625.53160586579,6380.676833612077,0.03570027069606044,0.5977643128207241
67,250320_141921,1.375,0.0009891249855084,8.482498673366122e-05,2.62356380373071,0.0021,4.0,0gly_2tx,0.58,0.2040342710555728,0.52,0.1710183875866494,0.0587159,0.072,0.13433934590623497,74625.53160586579,6399.706630812053,0.03573464206436608,0.5705932076925092
68,250320_142023,1.4,0.0009891249855084,8.607505391035896e-05,2.5386024687791857,0.0022,4.0,0gly_2tx,0.58,0.2040342710555728,0.52,0.1710183875866494,0.0587159,0.072,0.13433934590623497,74625.53160586579,6494.019209071476,0.03457741353061129,0.5977643128207241
69,250320_142122,1.475,0.0009891249855084,8.696397649723182e-05,2.5861891250373223,0.0021,4.0,0gly_2tx,0.58,0.2040342710555728,0.52,0.1710183875866494,0.0587159,0.072,0.13433934590623497,74625.53160586579,6561.0848697045985,0.035225574679201024,0.5705932076925092
70,250320_142246,1.35,0.0009891249855084,8.431977088348642e-05,2.611648131934827,0.0022,4.0,0gly_2tx,0.58,0.2040342710555728,0.52,0.1710183875866494,0.0587159,0.072,0.13433934590623497,74625.53160586579,6361.590111719547,0.035572342879579014,0.5977643128207241
71,250320_142412,1.525,0.0009891249855084,9.132562719282433e-05,1.9620712843515804,0.0025,5.0,0gly_2tx,0.58,0.2040342710555728,0.52,0.1710183875866494,0.0587159,0.072,0.13433934590623497,74625.53160586579,6890.1540031371005,0.02672468454983741,0.6792776282053682
72,250320_142540,1.4,0.0009891249855084,8.54773032485502e-05,2.5932111200370915,0.0021,5.0,0gly_2tx,0.58,0.2040342710555728,0.52,0.1710183875866494,0.0587159,0.072,0.13433934590623497,74625.53160586579,6448.921307836771,0.03532121880934861,0.5705932076925092
73,250320_142637,1.475,0.0009891249855084,8.36073400145742e-05,2.621386230758994,0.0022,5.0,0gly_2tx,0.58,0.2040342710555728,0.52,0.1710183875866494,0.0587159,0.072,0.13433934590623497,74625.53160586579,6307.840046658076,0.0357049821069438,0.5977643128207241
74,250320_142731,1.275,0.0009891249855084,8.885947443603021e-05,2.610634245932397,0.0021,5.0,0gly_2tx,0.58,0.2040342710555728,0.52,0.1710183875866494,0.0587159,0.072,0.13433934590623497,74625.53160586579,6704.092622428536,0.03555853309407299,0.5705932076925092
75,250320_145136,1.075,0.0007612272213620142,7.811183862950714e-05,2.541466783419026,0.0017,4.0,0gly_5tx,0.58,0.3147047656187677,0.52,0.2475010725302489,0.052704,0.072,0.07956636267874968,57431.55506055505,5893.226404995177,0.034616427355344224,0.6841660465745473
76,250320_145239,0.75,0.0007940874352021896,8.226788748810199e-05,2.438477667291379,0.0018,4.0,0gly_5tx,0.58,0.3147047656187677,0.52,0.2475010725302489,0.052704,0.072,0.08658397761866365,59910.72701802522,6206.783700581213,0.033213648739435,0.6799141507960343
77,250320_145504,0.95,0.0007612272213620142,7.973595908778324e-05,2.567434635355995,0.0017,5.0,0gly_5tx,0.58,0.3147047656187677,0.52,0.2475010725302489,0.052704,0.072,0.07956636267874968,57431.55506055505,6015.759810142677,0.034970126355470886,0.6841660465745473
78,250320_145614,,,9.04795660888294e-05,2.209328462265037,0.002,4.0,0gly_5tx,0.58,0.3147047656187677,0.52,0.2475010725302489,0.052704,0.072,,,6826.322070285648,0.030092487817293057,
79,250320_145726,1.275,0.0008595068038161723,9.230289740013186e-05,2.239754318329595,0.0021,5.0,0gly_5tx,0.58,0.3147047656187677,0.52,0.2475010725302489,0.052704,0.072,0.10143773012833225,64846.35722822488,6963.885139051553,0.030506907727501767,0.7044162690056468
80,250320_145826,1.225,0.0008595068038161723,8.986356816499132e-05,2.3422343950751814,0.002,3.0,0gly_5tx,0.58,0.3147047656187677,0.52,0.2475010725302489,0.052704,0.072,0.10143773012833225,64846.35722822488,6779.847485973232,0.03190275289659001,0.6708726371482351
81,250320_145927,1.1,0.0008268475563911612,8.919542827865686e-05,2.344444346322442,0.0019,3.0,0gly_5tx,0.58,0.3147047656187677,0.52,0.2475010725302489,0.052704,0.072,0.09387539538173899,62382.34738452828,6729.4389987392715,0.03193285386714322,0.6754597756570854
82,250320_150018,1.3,0.0008595068038161723,9.276464564143728e-05,2.255975368271938,0.0021,4.0,0gly_5tx,0.58,0.3147047656187677,0.52,0.2475010725302489,0.052704,0.072,0.10143773012833225,64846.35722822488,6998.722200575966,0.03072784895743243,0.7044162690056468
83,250320_150141,1.275,0.0008595068038161723,9.146587651096654e-05,2.3226272331591247,0.002,3.0,0gly_5tx,0.58,0.3147047656187677,0.52,0.2475010725302489,0.052704,0.072,0.10143773012833225,64846.35722822488,6900.735254320785,0.03163569062352007,0.6708726371482351
84,250320_150240,1.15,0.0008595068038161723,9.095057169773596e-05,2.261002362296711,0.0021,4.0,0gly_5tx,0.58,0.3147047656187677,0.52,0.2475010725302489,0.052704,0.072,0.10143773012833225,64846.35722822488,6861.857563240494,0.030796319879267654,0.7044162690056468
85,250320_150351,,,9.526426323576592e-05,2.2327777760780103,0.002,3.0,0gly_5tx,0.58,0.3147047656187677,0.52,0.2475010725302489,0.052704,0.072,,,7187.308369686103,0.0304118826932896,
86,250320_150502,1.325,0.0009891249855084,9.642334697785032e-05,1.94935534204345,0.0024,3.0,0gly_5tx,0.58,0.3147047656187677,0.52,0.2475010725302489,0.052704,0.072,0.13433934590623497,74625.53160586579,7274.756611006493,0.026551485161186744,0.6521065230771534
87,250320_150625,1.375,0.0009568738949098395,0.0001034355716751,2.023702296475471,0.0023,3.0,0gly_5tx,0.58,0.3147047656187677,0.52,0.2475010725302489,0.052704,0.072,0.12572171526377954,72192.31556537778,7803.800971869617,0.027564138942057673,0.6567949995514929
88,250320_150817,1.2,0.0009891249855084,0.0001038478314665,1.9011133543960448,0.0024,3.0,0gly_5tx,0.58,0.3147047656187677,0.52,0.2475010725302489,0.052704,0.072,0.13433934590623497,74625.53160586579,7834.904327404747,0.025894397973674023,0.6521065230771534
89,250320_151007,1.3,0.0009568738949098395,8.452221960438868e-05,1.9312327901387265,0.0024,3.0,0gly_5tx,0.58,0.3147047656187677,0.52,0.2475010725302489,0.052704,0.072,0.12572171526377954,72192.31556537778,6376.864059543739,0.0263046442401894,0.6853513038798186
90,250319_091326,0.65,0.0009229411943406352,8.216394823309414e-05,2.547507354916214,0.0021999999999999,5.0,33gly_0tx,0.645,0.1107237646182359,0.58,0.1007342103920776,0.0661471,0.07,0.12820574965035855,9648.096397865853,858.9124614255502,0.09759484119972377,0.6334559473555008
91,250319_091438,1.025,0.0009551600187107771,8.138017246521008e-05,2.831907830024351,0.0021,4.0,33gly_0tx,0.645,0.1107237646182359,0.58,0.1007342103920776,0.0661471,0.07,0.13731301779879115,9984.900438312998,850.719150509074,0.10849020491741458,0.5743278478644498
92,250319_091550,4.0,0.0009551600187107771,7.978952708783816e-05,2.426570123360522,0.0022,4.0,33gly_0tx,0.645,0.1107237646182359,0.58,0.1007342103920776,0.0661471,0.07,0.13731301779879115,9984.900438312998,834.0911139344707,0.09296174371875489,0.6016767930008522
93,250319_091651,1.625,0.0009551600187107771,5.1800336226667465e-05,2.5338696079149714,0.0021,3.0,33gly_0tx,0.645,0.1107237646182359,0.58,0.1007342103920776,0.0661471,0.07,0.13731301779879115,9984.900438312998,541.5021459886162,0.09707237999844802,0.5743278478644498
94,250319_091743,1.125,0.0009229411943406352,7.577961441897878e-05,2.856073964895856,0.0019,5.0,33gly_0tx,0.645,0.1107237646182359,0.58,0.1007342103920776,0.0661471,0.07,0.12820574965035855,9648.096397865853,792.1729243321331,0.10941600797374106,0.5470755908979574
95,250319_091934,2.35,0.0009551600187107771,8.602539999569304e-05,2.5173156129319745,0.0023,4.0,33gly_0tx,0.645,0.1107237646182359,0.58,0.1007342103920776,0.0661471,0.07,0.13731301779879115,9984.900438312998,899.2786939327895,0.09643819752652352,0.6290257381372546
96,250319_092108,4.5,0.0009551600187107771,8.866692930308709e-05,2.3294556012179584,0.0023,3.0,33gly_0tx,0.645,0.1107237646182359,0.58,0.1007342103920776,0.0661471,0.07,0.13731301779879115,9984.900438312998,926.892294400296,0.08924129268712193,0.6290257381372546
97,250319_092214,6.95,0.0009551600187107771,8.948238482140668e-05,2.239683981438138,0.0023,3.0,33gly_0tx,0.645,0.1107237646182359,0.58,0.1007342103920776,0.0661471,0.07,0.13731301779879115,9984.900438312998,935.4167740715494,0.08580214776777716,0.6290257381372546
98,250319_092301,1.675,0.0009551600187107771,8.637237795258677e-05,2.4371630100209334,0.0023,4.0,33gly_0tx,0.645,0.1107237646182359,0.58,0.1007342103920776,0.0661471,0.07,0.13731301779879115,9984.900438312998,902.905877112577,0.09336755651826435,0.6290257381372546
99,250319_092407,1.55,0.0009551600187107771,8.467373849434755e-05,2.420634848592349,0.0022,4.0,33gly_0tx,0.645,0.1107237646182359,0.58,0.1007342103920776,0.0661471,0.07,0.13731301779879115,9984.900438312998,885.148909129347,0.09273436372813043,0.6016767930008522
100,250319_092516,3.275,0.0009551600187107771,8.67179675842902e-05,2.3782066918640674,0.0021999999999999,4.0,33gly_0tx,0.645,0.1107237646182359,0.58,0.1007342103920776,0.0661471,0.07,0.13731301779879115,9984.900438312998,906.5185472384994,0.0911089438013527,0.6016767930008248
101,250319_092623,6.5,0.0009551600187107771,8.720929144576377e-05,2.2553776978891973,0.0022,3.0,33gly_0tx,0.645,0.1107237646182359,0.58,0.1007342103920776,0.0661471,0.07,0.13731301779879115,9984.900438312998,911.6546707609252,0.08640337302505419,0.6016767930008522
102,250319_092733,3.65,0.0009551600187107771,8.242355061213787e-05,2.476875402112448,0.0021999999999999,4.0,33gly_0tx,0.645,0.1107237646182359,0.58,0.1007342103920776,0.0661471,0.07,0.13731301779879115,9984.900438312998,861.6262516361156,0.09488893567831,0.6016767930008248
103,250319_092834,2.525,0.0009551600187107771,8.416761478197535e-05,2.5893304505472057,0.0022,3.0,33gly_0tx,0.645,0.1107237646182359,0.58,0.1007342103920776,0.0661471,0.07,0.13731301779879115,9984.900438312998,879.8580732709461,0.09919708127518832,0.6016767930008522
104,250319_132246,1.075,0.0007602433538618614,0.0001094565515426,1.4695542902201952,0.0022,3.0,33gly_10tx,0.645,0.5284558264169846,0.58,0.3793505998339598,0.0454988,0.07,0.08698907355403906,7947.311495979176,1144.2195528128261,0.05629852934934107,0.8473220643743816
105,250319_132355,1.2,0.0007602433538618614,0.0001087516361856,1.531048164172233,0.0021999999999999,3.0,33gly_10tx,0.645,0.5284558264169846,0.58,0.3793505998339598,0.0454988,0.07,0.08698907355403906,7947.311495979176,1136.8506203625514,0.05865435566384541,0.8473220643743431
106,250319_133229,2.975,0.0009229411943406352,0.0001211303305124,0.7973713128745785,0.0033,2.0,33gly_10tx,0.645,0.5284558264169846,0.58,0.3793505998339598,0.0454988,0.07,0.12820574965035855,9648.096397865853,1266.2530534503983,0.03054724317361948,0.9501839210332944
107,250319_133400,2.525,0.000890615091118504,0.0001289552930158,0.8317992960466749,0.0032,2.0,33gly_10tx,0.645,0.5284558264169846,0.58,0.3793505998339598,0.0454988,0.07,0.1193821898083991,9310.170902756385,1348.0524064378055,0.031866176971405515,0.9720076583365456
108,250319_133459,1.5,0.0009551600187107771,0.0001526547504494,1.0377800003555817,0.0032,2.0,33gly_10tx,0.645,0.5284558264169846,0.58,0.3793505998339598,0.0454988,0.07,0.13731301779879115,9984.900438312998,1595.7980388774172,0.039757284366420745,0.875166244364876
109,250319_133606,2.3,0.0009229411943406352,0.0001376729205668,0.9954750232896968,0.0031999999999999,2.0,33gly_10tx,0.645,0.5284558264169846,0.58,0.3793505998339598,0.0454988,0.07,0.12820574965035855,9648.096397865853,1439.1833598381766,0.03813658344450377,0.9213904688807416
110,250319_133712,6.7,0.000890615091118504,0.0001414991721316,0.0740893092365733,0.0043,1.0,33gly_10tx,0.645,0.5284558264169846,0.58,0.3793505998339598,0.0454988,0.07,0.1193821898083991,9310.170902756385,1479.1816220958808,0.0028383566216547435,1.306135290889733
111,250319_133830,2.1,0.00101927596716197,0.0001679795018888,0.801436678280693,0.0037999999999999,1.0,33gly_10tx,0.645,0.5284558264169846,0.58,0.3793505998339598,0.0454988,0.07,0.1563662460463414,10655.145579705393,1755.9974969439681,0.030702987058112266,0.942759034841067
112,250319_133941,0.475,0.00101927596716197,0.0001602203657518,1.2552355372447157,0.0033,2.0,33gly_10tx,0.645,0.5284558264169846,0.58,0.3793505998339598,0.0454988,0.07,0.1563662460463414,10655.145579705393,1674.8862691940544,0.048087991851814324,0.8187117934146324
113,250319_134104,1.275,0.00101927596716197,0.0001665233369934,1.0576954972254644,0.0034999999999999,2.0,33gly_10tx,0.645,0.5284558264169846,0.58,0.3793505998339598,0.0454988,0.07,0.1563662460463414,10655.145579705393,1740.7752711205292,0.04052024575716174,0.8683306899851914
114,250319_134224,0.25,0.0008581818603758987,0.0001101181616123,1.6766707832129943,0.0023,3.0,33gly_10tx,0.645,0.5284558264169846,0.58,0.3793505998339598,0.0454988,0.07,0.11084550905149763,8971.125534950004,1151.1357873133618,0.06423314873501924,0.7386073470942859
115,250319_134320,0.375,0.000987271562944694,0.0001350091435828,1.5339391504120614,0.0028,2.0,33gly_10tx,0.645,0.5284558264169846,0.58,0.3793505998339598,0.0454988,0.07,0.14670087257932912,10320.583010672877,1411.3371901345813,0.0587651091588028,0.7287152740758864
116,250319_134433,3.65,0.0009551600187107771,0.0001471826901315,0.621776687039951,0.0037999999999999,1.0,33gly_10tx,0.645,0.5284558264169846,0.58,0.3793505998339598,0.0454988,0.07,0.13731301779879115,9984.900438312998,1538.595081889726,0.023820224470107627,1.0392599151832627
117,250319_134536,0.925,0.000987271562944694,0.000174394084179,1.0455143168694958,0.0035,2.0,33gly_10tx,0.645,0.5284558264169846,0.58,0.3793505998339598,0.0454988,0.07,0.14670087257932912,10320.583010672877,1823.0532407631686,0.04005358552940156,0.910894092594858
118,250319_134648,1.6,0.0009551600187107771,0.0001511357599219,1.116634793772105,0.0033,2.0,33gly_10tx,0.645,0.5284558264169846,0.58,0.3793505998339598,0.0454988,0.07,0.13731301779879115,9984.900438312998,1579.9190564171806,0.042778206377291926,0.9025151895012783
119,250319_134805,1.95,0.0009229411943406352,0.0001513335262125,1.025875235476872,0.0033,3.0,33gly_10tx,0.645,0.5284558264169846,0.58,0.3793505998339598,0.0454988,0.07,0.12820574965035855,9648.096397865853,1581.9864343256077,0.03930121359762961,0.9501839210332944
120,250319_134901,1.725,0.0009229411943406352,0.0001484832988275,1.0735732916603102,0.0032,2.0,33gly_10tx,0.645,0.5284558264169846,0.58,0.3793505998339598,0.0454988,0.07,0.12820574965035855,9648.096397865853,1552.1911789670437,0.04112852303003407,0.9213904688807704
121,250319_094318,4.425,0.000987271562944694,7.487204138697997e-05,2.6694145514661307,0.0023,6.0,33gly_1tx,0.645,0.2948049198779224,0.58,0.2484711759632615,0.0569878,0.07,0.14670087257932912,10320.583010672877,782.685481194346,0.10226509797658159,0.5985875465623353
122,250319_094435,3.075,0.000987271562944694,8.386247438857083e-05,2.317141052331686,0.0024,4.0,33gly_1tx,0.645,0.2948049198779224,0.58,0.2484711759632615,0.0569878,0.07,0.14670087257932912,10320.583010672877,876.6682449823163,0.08876952311963367,0.6246130920650454
123,250319_094542,3.625,0.000987271562944694,8.632289506227348e-05,2.31695641810034,0.0023,4.0,33gly_1tx,0.645,0.2948049198779224,0.58,0.2484711759632615,0.0569878,0.07,0.14670087257932912,10320.583010672877,902.3886007154292,0.08876244979423052,0.5985875465623353
124,250319_094642,1.1,0.000987271562944694,7.71209506654468e-05,2.581954813024949,0.0023,9.0,33gly_1tx,0.645,0.2948049198779224,0.58,0.2484711759632615,0.0569878,0.07,0.14670087257932912,10320.583010672877,806.1947726223923,0.0989145210810667,0.5985875465623353
125,250319_094744,4.1,0.000987271562944694,9.080952652881942e-05,1.984617615887766,0.0026,5.0,33gly_1tx,0.645,0.2948049198779224,0.58,0.2484711759632615,0.0569878,0.07,0.14670087257932912,10320.583010672877,949.2902377388572,0.07603057188076741,0.6766641830704659
126,250319_094851,4.95,0.000987271562944694,9.099753817217928e-05,2.076394588104619,0.0025,3.0,33gly_1tx,0.645,0.2948049198779224,0.58,0.2484711759632615,0.0569878,0.07,0.14670087257932912,10320.583010672877,951.2556440617951,0.07954654172164342,0.6506386375677558
127,250319_094947,3.45,0.000987271562944694,8.686565653759059e-05,2.198988641996673,0.0024999999999999,4.0,33gly_1tx,0.645,0.2948049198779224,0.58,0.2484711759632615,0.0569878,0.07,0.14670087257932912,10320.583010672877,908.0624346140759,0.08424311195863844,0.6506386375677297
128,250319_095100,3.25,0.000987271562944694,8.190352301940066e-05,2.353546482286732,0.0023,3.0,33gly_1tx,0.645,0.2948049198779224,0.58,0.2484711759632615,0.0569878,0.07,0.14670087257932912,10320.583010672877,856.1900695965188,0.09016421277515667,0.5985875465623353
129,250319_095201,3.65,0.000987271562944694,8.562713211594358e-05,2.2580700525702992,0.0025,4.0,33gly_1tx,0.645,0.2948049198779224,0.58,0.2484711759632615,0.0569878,0.07,0.14670087257932912,10320.583010672877,895.1153442854248,0.08650651695790619,0.6506386375677558
130,250319_095253,5.15,0.000987271562944694,8.798970334367323e-05,2.094292693059778,0.0024,3.0,33gly_1tx,0.645,0.2948049198779224,0.58,0.2484711759632615,0.0569878,0.07,0.14670087257932912,10320.583010672877,919.8128169865373,0.0802322169592453,0.6246130920650454
131,250319_095352,3.075,0.000987271562944694,8.637237795258677e-05,2.1288018562606794,0.0025,3.0,33gly_1tx,0.645,0.2948049198779224,0.58,0.2484711759632615,0.0569878,0.07,0.14670087257932912,10320.583010672877,902.905877112577,0.08155426075865883,0.6506386375677558
132,250319_095456,4.55,0.000987271562944694,9.019578211928512e-05,2.038887076382273,0.0025,4.0,33gly_1tx,0.645,0.2948049198779224,0.58,0.2484711759632615,0.0569878,0.07,0.14670087257932912,10320.583010672877,942.8743736912364,0.07810963138524145,0.6506386375677558
133,250319_095548,2.325,0.000987271562944694,8.517685485583107e-05,2.308707351624933,0.0022999999999999,10.0,33gly_1tx,0.645,0.2948049198779224,0.58,0.2484711759632615,0.0569878,0.07,0.14670087257932912,10320.583010672877,890.4083072196061,0.08844642859367945,0.5985875465623093
134,250319_095708,3.95,0.000987271562944694,8.900360993130647e-05,2.216392455936936,0.0023999999999999,5.0,33gly_1tx,0.645,0.2948049198779224,0.58,0.2484711759632615,0.0569878,0.07,0.14670087257932912,10320.583010672877,930.4118329974168,0.08490985093958453,0.6246130920650195
135,250319_095837,1.125,0.000987271562944694,8.661936838516877e-05,2.3414222895653007,0.0023,7.0,33gly_1tx,0.645,0.2948049198779224,0.58,0.2484711759632615,0.0569878,0.07,0.14670087257932912,10320.583010672877,905.4878265558501,0.08969973573997186,0.5985875465623353
136,250319_104423,2.225,0.0007602433538618614,6.437816949342937e-05,2.409920162598078,0.0003999999999999,4.0,33gly_2tx,0.645,0.3864892720474717,0.58,0.2955590300204356,0.051675,0.07,0.08698907355403906,7947.311495979176,672.9863061692644,0.09232388480405676,0.15405855715893996
137,250319_104626,2.55,0.0007602433538618614,7.100578947386889e-05,2.539357766235482,0.0017,4.0,33gly_2tx,0.645,0.3864892720474717,0.58,0.2955590300204356,0.051675,0.07,0.08698907355403906,7947.311495979176,742.269069634368,0.09728263098702143,0.6547488679256585
138,250319_104752,2.425,0.0007602433538618614,7.106593839568719e-05,2.635113261609596,0.0016999999999999,3.0,33gly_2tx,0.645,0.3864892720474717,0.58,0.2955590300204356,0.051675,0.07,0.08698907355403906,7947.311495979176,742.8978449014046,0.10095101779148069,0.6547488679256199
139,250319_104903,2.625,0.0007602433538618614,7.267114319913673e-05,2.4030744285501675,0.0017,3.0,33gly_2tx,0.645,0.3864892720474717,0.58,0.2955590300204356,0.051675,0.07,0.08698907355403906,7947.311495979176,759.6780804970892,0.09206162517759796,0.6547488679256585
140,250319_104958,2.375,0.0007602433538618614,6.86188687605018e-05,2.495732947142862,0.0018,3.0,33gly_2tx,0.645,0.3864892720474717,0.58,0.2955590300204356,0.051675,0.07,0.08698907355403906,7947.311495979176,717.3170561389892,0.09561136700283916,0.6932635072154031
141,250319_105117,2.175,0.0007602433538618614,7.219924766818356e-05,2.522908864385355,0.0017999999999999,3.0,33gly_2tx,0.645,0.3864892720474717,0.58,0.2955590300204356,0.051675,0.07,0.08698907355403906,7947.311495979176,754.7450537774281,0.096652474626187,0.6932635072153646
142,250319_105312,1.9,0.0007602433538618614,7.783785729207276e-05,2.149186833467392,0.0019,3.0,33gly_2tx,0.645,0.3864892720474717,0.58,0.2955590300204356,0.051675,0.07,0.08698907355403906,7947.311495979176,813.6890575068128,0.0823352079105914,0.7317781465051477
143,250319_105444,2.45,0.000792995425086979,7.406879318527215e-05,2.3876159162658777,0.0019,4.0,33gly_2tx,0.645,0.3864892720474717,0.58,0.2955590300204356,0.051675,0.07,0.09464568195922879,8289.689907894634,774.2886124349816,0.09146941057666352,0.686913989704352
144,250319_105557,3.1,0.000792995425086979,7.843935301617078e-05,2.103169859815865,0.0019,4.0,33gly_2tx,0.645,0.3864892720474717,0.58,0.2955590300204356,0.051675,0.07,0.09464568195922879,8289.689907894634,819.9768781876826,0.08057230064072786,0.686913989704352
145,250319_105713,2.925,0.000792995425086979,8.542730189694857e-05,1.8440286554492904,0.0021,3.0,33gly_2tx,0.645,0.3864892720474717,0.58,0.2955590300204356,0.051675,0.07,0.09464568195922879,8289.689907894634,893.0263908094149,0.07064461794350056,0.7592207254627049
146,250319_105840,3.725,0.000792995425086979,8.355621965515436e-05,1.8828289884089429,0.002,4.0,33gly_2tx,0.645,0.3864892720474717,0.58,0.2955590300204356,0.051675,0.07,0.09464568195922879,8289.689907894634,873.4667677826603,0.07213105617748093,0.7230673575835285
147,250319_105940,3.325,0.0007602433538618614,8.36073400145742e-05,1.8331843882157035,0.002,3.0,33gly_2tx,0.645,0.3864892720474717,0.58,0.2955590300204356,0.051675,0.07,0.08698907355403906,7947.311495979176,874.0011616948625,0.0702291747705704,0.7702927857948924
148,250319_110109,0.325,0.000792995425086979,3.911058122997725e-05,2.9305478121045474,0.0017,5.0,33gly_2tx,0.645,0.3864892720474717,0.58,0.2955590300204356,0.051675,0.07,0.09464568195922879,8289.689907894634,408.84799616400625,0.11226909622011584,0.6146072539459991
149,250319_110202,2.725,0.000792995425086979,7.973595908778324e-05,2.1422605821302017,0.0018999999999999,3.0,33gly_2tx,0.645,0.3864892720474717,0.58,0.2955590300204356,0.051675,0.07,0.09464568195922879,8289.689907894634,833.5311332644781,0.08206986367201326,0.6869139897043159
150,250319_112349,2.05,0.0007602433538618614,7.794756539062344e-05,2.146592067051924,0.0018,3.0,33gly_5tx,0.645,0.410794419812009,0.58,0.3122426769728341,0.0502081,0.07,0.08698907355403906,7947.311495979176,814.8359066418758,0.08223580257785341,0.6932635072154031
151,250319_112455,1.15,0.0007602433538618614,7.202148971032925e-05,2.4117613401063207,0.0017,4.0,33gly_5tx,0.645,0.410794419812009,0.58,0.3122426769728341,0.0502081,0.07,0.08698907355403906,7947.311495979176,752.8868358071148,0.09239442019473607,0.6547488679256585
152,250319_112559,2.375,0.0007602433538618614,8.027003042338281e-05,1.971643393086484,0.0018999999999999,6.0,33gly_5tx,0.645,0.410794419812009,0.58,0.3122426769728341,0.0502081,0.07,0.08698907355403906,7947.311495979176,839.1141235576818,0.07553353024846854,0.7317781465051092
153,250319_112701,2.475,0.0007602433538618614,8.080057175969092e-05,1.9751384927550983,0.0019,3.0,33gly_5tx,0.645,0.410794419812009,0.58,0.3122426769728341,0.0502081,0.07,0.08698907355403906,7947.311495979176,844.6602125036953,0.0756674272896203,0.7317781465051477
154,250319_112814,2.75,0.0007602433538618614,8.064177585430713e-05,1.8838238921962047,0.0019,4.0,33gly_5tx,0.645,0.410794419812009,0.58,0.3122426769728341,0.0502081,0.07,0.08698907355403906,7947.311495979176,843.0002170325606,0.07216917087691034,0.7317781465051477
155,250319_112923,2.375,0.0007602433538618614,7.952132623793304e-05,1.9483605727165567,0.002,3.0,33gly_5tx,0.645,0.410794419812009,0.58,0.3122426769728341,0.0502081,0.07,0.08698907355403906,7947.311495979176,831.287438391824,0.07464156691328928,0.7702927857948924
156,250319_113032,2.225,0.0007602433538618614,7.684343644893295e-05,2.194642982930231,0.0018,3.0,33gly_5tx,0.645,0.410794419812009,0.58,0.3122426769728341,0.0502081,0.07,0.08698907355403906,7947.311495979176,803.2937384837907,0.0840766300422353,0.6932635072154031
157,250319_113144,3.15,0.0007602433538618614,8.36073400145742e-05,1.847599412818192,0.0018999999999999,3.0,33gly_5tx,0.645,0.410794419812009,0.58,0.3122426769728341,0.0502081,0.07,0.08698907355403906,7947.311495979176,874.0011616948625,0.07078141342623319,0.7317781465051092
158,250319_113335,2.125,0.0007602433538618614,7.914431816545182e-05,2.0572349141683306,0.0018,3.0,33gly_5tx,0.645,0.410794419812009,0.58,0.3122426769728341,0.0502081,0.07,0.08698907355403906,7947.311495979176,827.3463311486142,0.07881253585836613,0.6932635072154031
159,250319_113450,1.65,0.0007273864403076142,7.662070138201774e-05,2.2130098065231274,0.0018,3.0,33gly_5tx,0.645,0.410794419812009,0.58,0.3122426769728341,0.0502081,0.07,0.07963240695991887,7603.837099937944,800.9653459383497,0.08478026186038604,0.7407633498226357
160,250319_113600,2.4,0.0007602433538618614,7.838486231628683e-05,2.1383074559479924,0.0018,3.0,33gly_5tx,0.645,0.410794419812009,0.58,0.3122426769728341,0.0502081,0.07,0.08698907355403906,7947.311495979176,819.4072519444385,0.08191841966489366,0.6932635072154031
161,250319_113659,2.15,0.0007602433538618614,7.656491637179603e-05,2.198391272760972,0.0018,3.0,33gly_5tx,0.645,0.410794419812009,0.58,0.3122426769728341,0.0502081,0.07,0.08698907355403906,7947.311495979176,800.3821894388075,0.08422022678204284,0.6932635072154031
162,250319_113801,2.8,0.0007602433538618614,8.190352301940066e-05,1.913251905118084,0.0019,3.0,33gly_5tx,0.645,0.410794419812009,0.58,0.3122426769728341,0.0502081,0.07,0.08698907355403906,7947.311495979176,856.1900695965188,0.07329655613936768,0.7317781465051477
163,250319_113856,0.6,0.0007602433538618614,6.124914276724849e-05,2.6911819537411468,0.0015999999999999,4.0,33gly_5tx,0.645,0.410794419812009,0.58,0.3122426769728341,0.0502081,0.07,0.08698907355403906,7947.311495979176,640.2765824395101,0.10309900574303456,0.6162342286358753
164,250318_093731,13.45,0.0007595960977820259,7.148556377916536e-05,2.2802053886477207,0.0018,2.0,50gly_0tx,0.625,0.0831579366790423,0.55,0.0764741167638955,0.0639585,0.069,0.09196353866202378,1770.5998518593735,166.63109382349043,0.19036878003694813,0.6745401567790396
165,250318_093908,4.775,0.0007595960977820259,6.793047236841943e-05,2.162283766468806,0.0018999999999999,2.0,50gly_0tx,0.625,0.0831579366790423,0.55,0.0764741167638955,0.0639585,0.069,0.09196353866202378,1770.5998518593735,158.34426304119276,0.18052379174512978,0.7120146099333932
166,250318_094027,7.325,0.0007595960977820259,6.948514666820524e-05,2.253542972583415,0.0018,2.0,50gly_0tx,0.625,0.0831579366790423,0.55,0.0764741167638955,0.0639585,0.069,0.09196353866202378,1770.5998518593735,161.9681706585806,0.18814280002467845,0.6745401567790396
167,250318_094149,15.925,0.0007268061328705732,6.985312000916844e-05,2.2726177765790694,0.0018,2.0,50gly_0tx,0.625,0.0831579366790423,0.55,0.0764741167638955,0.0639585,0.069,0.0841952111974913,1694.167248816496,162.82590748068918,0.18973530883295303,0.7206991698647168
168,250318_094318,6.525,0.0007268061328705732,5.484525832540132e-05,2.394398363335944,0.0017,3.0,50gly_0tx,0.625,0.0831579366790423,0.55,0.0764741167638955,0.0639585,0.069,0.0841952111974913,1694.167248816496,127.84295041759299,0.1999024726544712,0.6806603270944548
169,250318_095111,5.075,0.0007922775847087971,7.052275128488439e-05,2.226249866040406,0.0018999999999999,2.0,50gly_0tx,0.625,0.0831579366790423,0.55,0.0764741167638955,0.0639585,0.069,0.10004720538537147,1846.779595383662,164.38680154142102,0.1858641652043773,0.6684161570322413
170,250318_095506,4.7,0.0009860591660330494,8.986356816499132e-05,1.9640663182407097,0.0025,1.0,50gly_0tx,0.625,0.0831579366790423,0.55,0.0764741167638955,0.0639585,0.069,0.1549730473907486,2298.4797030957147,209.46977077039608,0.1639751010047759,0.6334246185652717
171,250318_095628,3.025,0.0009860591660330494,7.130602670930747e-05,2.1173404070335424,0.0024,1.0,50gly_0tx,0.625,0.0831579366790423,0.55,0.0764741167638955,0.0639585,0.069,0.1549730473907486,2298.4797030957147,166.21259732222896,0.17677158040967317,0.6080876338226607
172,250318_095738,7.15,0.0009860591660330494,9.92188054884392e-05,1.825062702378304,0.0026,1.0,50gly_0tx,0.625,0.0831579366790423,0.55,0.0764741167638955,0.0639585,0.069,0.1549730473907486,2298.4797030957147,231.2765992511809,0.15237002853885032,0.6587616033078825
173,250318_095842,4.55,0.0009860591660330494,9.038507043266832e-05,1.935939962099504,0.0026,2.0,50gly_0tx,0.625,0.0831579366790423,0.55,0.0764741167638955,0.0639585,0.069,0.1549730473907486,2298.4797030957147,210.68537975073366,0.16162690021017048,0.6587616033078825
174,250318_095934,6.9,0.0009860591660330494,9.89600858681895e-05,1.826226491632288,0.0026,1.0,50gly_0tx,0.625,0.0831579366790423,0.55,0.0764741167638955,0.0639585,0.069,0.1549730473907486,2298.4797030957147,230.6735301693033,0.15246719046189638,0.6587616033078825
175,250318_100038,5.975,0.0009860591660330494,8.779525072291073e-05,1.7668282223694551,0.0025,1.0,50gly_0tx,0.625,0.0831579366790423,0.55,0.0764741167638955,0.0639585,0.069,0.1549730473907486,2298.4797030957147,204.64857360095388,0.14750817400128816,0.6334246185652717
176,250318_100135,1.9,0.0009860591660330494,8.602539999569304e-05,1.9960025094984133,0.0024999999999999,1.0,50gly_0tx,0.625,0.0831579366790423,0.55,0.0764741167638955,0.0639585,0.069,0.1549730473907486,2298.4797030957147,200.5230950149329,0.16664137563030915,0.6334246185652462
177,250318_100244,0.85,0.0009860591660330494,8.14851114803911e-05,2.050918804079881,0.0023999999999999,1.0,50gly_0tx,0.625,0.0831579366790423,0.55,0.0764741167638955,0.0639585,0.069,0.1549730473907486,2298.4797030957147,189.93979397367437,0.17122620296896557,0.6080876338226354
178,250318_100358,5.5,0.0009860591660330494,9.377248865488307e-05,1.7866419143455208,0.0027,1.0,50gly_0tx,0.625,0.0831579366790423,0.55,0.0764741167638955,0.0639585,0.069,0.1549730473907486,2298.4797030957147,218.5813684478219,0.14916237076281252,0.6840985880504934
179,250318_100505,5.3,0.0009860591660330494,9.123200786817258e-05,1.7282201449806542,0.0026,1.0,50gly_0tx,0.625,0.0831579366790423,0.55,0.0764741167638955,0.0639585,0.069,0.1549730473907486,2298.4797030957147,212.65957011613537,0.14428487989424418,0.6587616033078825
180,250318_134423,1.825,0.0010179703492922806,0.0001580725425286,0.6653420665398839,0.0039,1.0,50gly_10tx,0.625,0.4930956443054831,0.55,0.3662668966313365,0.0459096,0.069,0.1651659352379488,2372.8638876859654,368.46321512368945,0.05554778448689474,0.9420442565405196
181,250318_134551,37.725,0.0010179703492922806,,,,,50gly_10tx,0.625,0.4930956443054831,0.55,0.3662668966313365,0.0459096,0.069,0.1651659352379488,2372.8638876859654,,,
182,250318_135601,6.775,0.0010179703492922806,,,,,50gly_10tx,0.625,0.4930956443054831,0.55,0.3662668966313365,0.0459096,0.069,0.1651659352379488,2372.8638876859654,,,
183,250318_135815,281.625,0.0010179703492922806,,,,,50gly_10tx,0.625,0.4930956443054831,0.55,0.3662668966313365,0.0459096,0.069,0.1651659352379488,2372.8638876859654,,,
184,250318_141106,5.65,0.0010179703492922806,,,,,50gly_10tx,0.625,0.4930956443054831,0.55,0.3662668966313365,0.0459096,0.069,0.1651659352379488,2372.8638876859654,,,
185,250318_141308,1.825,0.0010179703492922806,0.0001573138766492,0.6750009443793529,0.0039,1.0,50gly_10tx,0.625,0.4930956443054831,0.55,0.3662668966313365,0.0459096,0.069,0.1651659352379488,2372.8638876859654,366.69478358803684,0.05635418061242802,0.9420442565405196
186,250318_141606,14.575,0.0010179703492922806,,,,,50gly_10tx,0.625,0.4930956443054831,0.55,0.3662668966313365,0.0459096,0.069,0.1651659352379488,2372.8638876859654,,,
187,250318_141730,1.05,0.0009860591660330494,0.000147791065226,0.8285080648980928,0.0036,1.0,50gly_10tx,0.625,0.4930956443054831,0.55,0.3662668966313365,0.0459096,0.069,0.1549730473907486,2298.4797030957147,344.4973439955534,0.06917011526709876,0.912131450733991
188,250318_141930,2.8,0.0009860591660330494,0.0001673423930852,0.4790218550680276,0.0043,1.0,50gly_10tx,0.625,0.4930956443054831,0.55,0.3662668966313365,0.0459096,0.069,0.1549730473907486,2298.4797030957147,390.0710091476451,0.03999236499235581,1.0894903439322672
189,250318_142138,5.8,0.0009860591660330494,,,,,50gly_10tx,0.625,0.4930956443054831,0.55,0.3662668966313365,0.0459096,0.069,0.1549730473907486,2298.4797030957147,,,
190,250318_142344,10.625,0.0009860591660330494,,,,,50gly_10tx,0.625,0.4930956443054831,0.55,0.3662668966313365,0.0459096,0.069,0.1549730473907486,2298.4797030957147,,,
191,250318_142507,3.025,0.0009860591660330494,0.0001726457901245,0.4526124258976625,0.0043,1.0,50gly_10tx,0.625,0.4930956443054831,0.55,0.3662668966313365,0.0459096,0.069,0.1549730473907486,2298.4797030957147,402.43309742002407,0.03778750623811167,1.0894903439322672
192,250318_142635,2.95,0.0009860591660330494,0.0001755174857791,0.4174512884430502,0.0044,1.0,50gly_10tx,0.625,0.4930956443054831,0.55,0.3662668966313365,0.0459096,0.069,0.1549730473907486,2298.4797030957147,409.12694947569787,0.03485198872935093,1.114827328674878
193,250318_142842,7.225,0.0009860591660330494,,,,,50gly_10tx,0.625,0.4930956443054831,0.55,0.3662668966313365,0.0459096,0.069,0.1549730473907486,2298.4797030957147,,,
194,250318_104713,3.825,0.0010179703492922806,0.0001225331604919,1.248702939655287,0.0031,1.0,50gly_1tx,0.625,0.2925050902527487,0.55,0.2383137831667627,0.0561715,0.069,0.1651659352379488,2372.8638876859654,285.6217882744799,0.10425115931846145,0.7488044090450284
195,250318_104814,4.975,0.0010179703492922806,0.0001201741632641,1.2856694713705146,0.0031,1.0,50gly_1tx,0.625,0.2925050902527487,0.55,0.2383137831667627,0.0561715,0.069,0.1651659352379488,2372.8638876859654,280.12302366224003,0.10733740478558514,0.7488044090450284
196,250318_104927,4.375,0.0010179703492922806,0.0001304705285281,1.1512799554491275,0.0033,1.0,50gly_1tx,0.625,0.2925050902527487,0.55,0.2383137831667627,0.0561715,0.069,0.1651659352379488,2372.8638876859654,304.1235982628219,0.09611755225691321,0.7971143709189012
197,250318_105038,5.75,0.0010179703492922806,0.0001300440995129,1.175353920245748,0.0031999999999999,1.0,50gly_1tx,0.625,0.2925050902527487,0.55,0.2383137831667627,0.0561715,0.069,0.1651659352379488,2372.8638876859654,303.1296026994609,0.0981274287933874,0.7729593899819407
198,250318_105133,3.825,0.0010179703492922806,0.0001225331604919,1.2738493797355572,0.0031,1.0,50gly_1tx,0.625,0.2925050902527487,0.55,0.2383137831667627,0.0561715,0.069,0.1651659352379488,2372.8638876859654,285.6217882744799,0.1063505741975712,0.7488044090450284
199,250318_105246,6.625,0.0010179703492922806,0.0001278237924419,1.163673786334226,0.0033,1.0,50gly_1tx,0.625,0.2925050902527487,0.55,0.2383137831667627,0.0561715,0.069,0.1651659352379488,2372.8638876859654,297.95412143715055,0.0971522829339509,0.7971143709189012
200,250318_105355,4.175,0.0010179703492922806,0.0001216582873824,1.2761199255752398,0.0031999999999999,2.0,50gly_1tx,0.625,0.2925050902527487,0.55,0.2383137831667627,0.0561715,0.069,0.1651659352379488,2372.8638876859654,283.5824805389616,0.10654013652545197,0.7729593899819407
201,250318_105518,2.375,0.0010179703492922806,0.0001186354697482,1.34943309158115,0.0031,1.0,50gly_1tx,0.625,0.2925050902527487,0.55,0.2383137831667627,0.0561715,0.069,0.1651659352379488,2372.8638876859654,276.5363668596779,0.11266087373740477,0.7488044090450284
202,250318_105656,4.2,0.0010179703492922806,0.000131416807109,1.1663281799852856,0.0031999999999999,1.0,50gly_1tx,0.625,0.2925050902527487,0.55,0.2383137831667627,0.0561715,0.069,0.1651659352379488,2372.8638876859654,306.3293503987946,0.09737389177831457,0.7729593899819407
203,250318_105758,5.875,0.0010179703492922806,0.0001333212638876,1.117912535055088,0.0033,1.0,50gly_1tx,0.625,0.2925050902527487,0.55,0.2383137831667627,0.0561715,0.069,0.1651659352379488,2372.8638876859654,310.7685923853028,0.09333178780559753,0.7971143709189012
204,250318_105858,5.475,0.0010179703492922806,0.0001320331055247,1.1462032562778226,0.0033,1.0,50gly_1tx,0.625,0.2925050902527487,0.55,0.2383137831667627,0.0561715,0.069,0.1651659352379488,2372.8638876859654,307.76592687243084,0.09569371103950909,0.7971143709189012
205,250318_105955,6.7,0.0010179703492922806,0.0001362064476394,1.104665072719318,0.0033,1.0,50gly_1tx,0.625,0.2925050902527487,0.55,0.2383137831667627,0.0561715,0.069,0.1651659352379488,2372.8638876859654,317.49388486434617,0.09222578952316139,0.7971143709189012
206,250318_110054,1.825,0.0010179703492922806,0.0001249844117042,1.262502294643279,0.0031999999999999,1.0,50gly_1tx,0.625,0.2925050902527487,0.55,0.2383137831667627,0.0561715,0.069,0.1651659352379488,2372.8638876859654,291.3355946592699,0.10540323377080661,0.7729593899819407
207,250318_110200,3.825,0.0010179703492922806,0.0001268843922599,1.23789096805414,0.0030999999999999,1.0,50gly_1tx,0.625,0.2925050902527487,0.55,0.2383137831667627,0.0561715,0.069,0.1651659352379488,2372.8638876859654,295.76440268011294,0.1033484942104182,0.7488044090450043
208,250318_110305,6.45,0.0010179703492922806,0.0001350407875874,1.1102125154362854,0.0033,1.0,50gly_1tx,0.625,0.2925050902527487,0.55,0.2383137831667627,0.0561715,0.069,0.1651659352379488,2372.8638876859654,314.77675990620577,0.0926889319697198,0.7971143709189012
209,250318_112108,0.125,0.0004607454822596027,0.0001405295732359,1.084039788663058,0.0034,1.0,50gly_2tx,0.625,0.3506780068505343,0.55,0.2801736469084867,0.0527046,0.069,0.033835484151818564,1073.9864054275715,327.57098447436664,0.09050383492062698,2.6970977105627356
210,250318_112217,4.65,0.0010179703492922806,0.0001812422496371,0.4237208938053946,0.0044,1.0,50gly_2tx,0.625,0.3506780068505343,0.55,0.2801736469084867,0.0527046,0.069,0.1651659352379488,2372.8638876859654,422.4712334556998,0.035375422771777444,1.0628191612252016
211,250318_112321,0.325,0.0010179703492922806,0.0001077649379054,1.5999119140030422,0.0029,3.0,50gly_2tx,0.625,0.3506780068505343,0.55,0.2801736469084867,0.0527046,0.069,0.1651659352379488,2372.8638876859654,251.19742406271592,0.13357273899609784,0.7004944471711556
212,250318_112435,0.7,0.0010179703492922806,0.0001121557798923,1.5179478337767809,0.003,2.0,50gly_2tx,0.625,0.3506780068505343,0.55,0.2801736469084867,0.0527046,0.069,0.1651659352379488,2372.8638876859654,261.43236891596615,0.1267297580799017,0.7246494281080921
213,250318_112539,6.5,0.0010179703492922806,0.0001629177788007,0.732504754686239,0.0039,2.0,50gly_2tx,0.625,0.3506780068505343,0.55,0.2801736469084867,0.0527046,0.069,0.1651659352379488,2372.8638876859654,379.7573418979765,0.06115503332074044,0.9420442565405196
214,250318_112641,7.15,0.0010179703492922806,0.0001621290807098,0.7599659281987425,0.0038,1.0,50gly_2tx,0.625,0.3506780068505343,0.55,0.2801736469084867,0.0527046,0.069,0.1651659352379488,2372.8638876859654,377.9189060147657,0.0634476996419347,0.9178892756035832
215,250318_112752,5.975,0.0010179703492922806,0.0001526267583798,0.8822811691932427,0.0036,1.0,50gly_2tx,0.625,0.3506780068505343,0.55,0.2801736469084867,0.0527046,0.069,0.1651659352379488,2372.8638876859654,355.7692259954168,0.07365950044022046,0.8695793137297104
216,250318_112902,3.8,0.0009860591660330494,0.0001372688677782,1.0966191383632224,0.0032,1.0,50gly_2tx,0.625,0.3506780068505343,0.55,0.2801736469084867,0.0527046,0.069,0.1549730473907486,2298.4797030957147,319.970360119899,0.09155405411053016,0.8107835117635477
217,250318_113004,2.125,0.0007595960977820259,9.340725848943672e-05,1.6077648451212003,0.0022,1.0,50gly_2tx,0.625,0.3506780068505343,0.55,0.2801736469084867,0.0527046,0.069,0.09196353866202378,1770.5998518593735,217.7300259004837,0.1342283610396737,0.824437969396604
218,250318_113103,3.825,0.0011130484527566223,0.0001712542642318,0.7795419990592415,0.0043,1.0,50gly_2tx,0.625,0.3506780068505343,0.55,0.2801736469084867,0.0527046,0.069,0.19745965080731973,2594.48861219494,399.18948473340373,0.06508205799674945,0.9084619494957606
219,250318_113205,2.575,0.0010179703492922806,0.0001406511386334,1.074255383421708,0.0034999999999999,1.0,50gly_2tx,0.625,0.3506780068505343,0.55,0.2801736469084867,0.0527046,0.069,0.1651659352379488,2372.8638876859654,327.8543504308707,0.08968695881882653,0.8454243327927499
220,250318_113259,0.125,0.0004607454822596027,0.0001192103269957,1.381230790343891,0.0031,1.0,50gly_2tx,0.625,0.3506780068505343,0.55,0.2801736469084867,0.0527046,0.069,0.033835484151818564,1073.9864054275715,277.87634498783814,0.11531558596270798,2.4591185008072003
221,250318_113403,0.65,0.0010179703492922806,0.0001177316361522,1.4157189322769106,0.0029999999999999,3.0,50gly_2tx,0.625,0.3506780068505343,0.55,0.2801736469084867,0.0527046,0.069,0.1651659352379488,2372.8638876859654,274.42955294126,0.11819491671870787,0.7246494281080679
222,250318_113506,2.1,0.0010179703492922806,0.0001341519340045,1.1689072321108092,0.0033,1.0,50gly_2tx,0.625,0.3506780068505343,0.55,0.2801736469084867,0.0527046,0.069,0.1651659352379488,2372.8638876859654,312.704864030486,0.09758921054268202,0.7971143709189012
223,250318_111937,3.525,0.0010179703492922806,0.0001441022929827,0.9757020560809876,0.0035,2.0,50gly_2tx,0.625,0.3506780068505343,0.55,0.2801736469084867,0.0527046,0.069,0.1651659352379488,2372.8638876859654,335.8989064751382,0.08145898216907331,0.8454243327927741
224,250318_115022,5.475,0.0010179703492922806,0.0001833516963821,0.5075282660184984,0.0045,1.0,50gly_5tx,0.625,0.4557520956223705,0.55,0.3414102801879823,0.0482647,0.069,0.1651659352379488,2372.8638876859654,427.3883020203069,0.04237229563495962,1.086974142162138
225,250318_115123,3.6,0.0010179703492922806,0.0001553735113766,0.8960697489297121,0.0036999999999999,1.0,50gly_5tx,0.625,0.4557520956223705,0.55,0.3414102801879823,0.0482647,0.069,0.1651659352379488,2372.8638876859654,362.17183978375664,0.07481067529312727,0.8937342946666227
226,250318_115216,10.05,0.0010179703492922806,0.0001929574426548,0.1666594042080725,0.0052,1.0,50gly_5tx,0.625,0.4557520956223705,0.55,0.3414102801879823,0.0482647,0.069,0.1651659352379488,2372.8638876859654,449.7790607104891,0.013913986704325339,1.2560590087206929
227,250318_115340,4.225,0.0010179703492922806,0.0001599000314778,0.7995521056545447,0.0037999999999999,1.0,50gly_5tx,0.625,0.4557520956223705,0.55,0.3414102801879823,0.0482647,0.069,0.1651659352379488,2372.8638876859654,372.7230469898304,0.06675265293522394,0.917889275603559
228,250318_115433,7.525,0.0010179703492922806,0.000180841035753,0.4438442904791783,0.0045,1.0,50gly_5tx,0.625,0.4557520956223705,0.55,0.3414102801879823,0.0482647,0.069,0.1651659352379488,2372.8638876859654,421.5360137437691,0.037055476022269794,1.086974142162138
229,250318_115550,8.275,0.0010179703492922806,0.0001870659344397,0.3350866203164985,0.0048,1.0,50gly_5tx,0.625,0.4557520956223705,0.55,0.3414102801879823,0.0482647,0.069,0.1651659352379488,2372.8638876859654,436.04609972853603,0.027975563707524884,1.1594390849729472
230,250318_115656,8.375,0.0010179703492922806,0.0001872713885757,0.3220379848213278,0.0048,1.0,50gly_5tx,0.625,0.4557520956223705,0.55,0.3414102801879823,0.0482647,0.069,0.1651659352379488,2372.8638876859654,436.52500827457476,0.02688616499251017,1.1594390849729472
231,250318_115807,4.475,0.0010179703492922806,0.0001634414631433,0.748675706955945,0.004,1.0,50gly_5tx,0.625,0.4557520956223705,0.55,0.3414102801879823,0.0482647,0.069,0.1651659352379488,2372.8638876859654,380.9780372413782,0.0625051066391117,0.9661992374774561
232,250318_115918,9.65,0.0010179703492922806,0.0001843046621156,0.3207760300700674,0.0047,1.0,50gly_5tx,0.625,0.4557520956223705,0.55,0.3414102801879823,0.0482647,0.069,0.1651659352379488,2372.8638876859654,429.6096417447855,0.026780807471799395,1.1352841040360109
233,250318_120031,5.55,0.0010179703492922806,0.000172621039814,0.5920306235938093,0.0042,1.0,50gly_5tx,0.625,0.4557520956223705,0.55,0.3414102801879823,0.0482647,0.069,0.1651659352379488,2372.8638876859654,402.3754050539986,0.049427191129000216,1.0145091993513287
234,250318_120134,6.85,0.0010179703492922806,0.0001758822609958,0.5259186161898689,0.0043,1.0,50gly_5tx,0.625,0.4557520956223705,0.55,0.3414102801879823,0.0482647,0.069,0.1651659352379488,2372.8638876859654,409.97723154867964,0.0439076610647608,1.0386641802882652
235,250318_120236,9.3,0.0010179703492922806,0.0001875677583578,0.2729361029418615,0.0049,1.0,50gly_5tx,0.625,0.4557520956223705,0.55,0.3414102801879823,0.0482647,0.069,0.1651659352379488,2372.8638876859654,437.2158389592164,0.02278676877256883,1.1835940659098836
236,250318_120345,7.7,0.0010179703492922806,0.0001930017243405,0.3025469255050549,0.0049,1.0,50gly_5tx,0.625,0.4557520956223705,0.55,0.3414102801879823,0.0482647,0.069,0.1651659352379488,2372.8638876859654,449.88228023250804,0.025258904043939576,1.1835940659098836
237,250318_120459,9.25,0.0010179703492922806,0.0001952248887434,0.2194725453033758,0.0051,1.0,50gly_5tx,0.625,0.4557520956223705,0.55,0.3414102801879823,0.0482647,0.069,0.1651659352379488,2372.8638876859654,455.0644218653147,0.01832322689395344,1.2319040277837565
238,250318_120617,7.15,0.0010179703492922806,0.000184721484349,0.4305555108721887,0.0046,1.0,50gly_5tx,0.625,0.4557520956223705,0.55,0.3414102801879823,0.0482647,0.069,0.1651659352379488,2372.8638876859654,430.58124413566765,0.035946028261749086,1.1111291230990745
